Factory,Grey K1,Grey Stock
Baddi,120E55BDOOW,5473.13
Baddi,120E93BDCKD,188.92
Baddi,120E94BABW,270
Baddi,120E94BACCBW2,67
Baddi,120E94BACCBWA,8079
Baddi,10765BD,108
Baddi,11000016BDOKB,20
Baddi,11000016BDOKK,111
Baddi,110194BAOKB,10219.94
Baddi,11400005BAOOLD,8385
Baddi,11400036BACCOQ2,170
Baddi,11400036BDCCOQ,4944
Baddi,11600010BDOO,2515.35
Baddi,11600084BAOK,968
Baddi,11600091BDKK,218
Baddi,11600102BAOCWC22001HH03,135
Baddi,11600108BACCS21001HH01,145
Baddi,11600109BDOKD,19014.5
Baddi,116199BDA,317
Baddi,116414BA,1448
Baddi,116414BD,20
Baddi,116414BDOOA,3413
Baddi,11649BA,72107.01
Baddi,11649BAKO,2856
Baddi,116555BA,1439
Baddi,116580BA,1612
Baddi,116580BDOO,8298.23
Baddi,11671BAOE,22204
Baddi,12000055HKK,72
Baddi,12000075BDOK,102
Baddi,12000084BAOK,923
Baddi,12000147BAMMW11001HH01,104
Baddi,12000149BAOO,328
Baddi,12000155BAOK,128
Baddi,12000155HOK,37
Baddi,12000180BAMMS21001HH01,4062
Baddi,12000184BAOFW,0
Baddi,12000184HOF,36
Baddi,12000211BAOFW,0
Baddi,12000225BACF2,2084
Baddi,12000226BDOKDW4,1242.35
Baddi,12000241BAOO,3343
Baddi,12000248BACK,3697
Baddi,12000248BACK2,244561.01
Baddi,12000271LLMCC24001HH03,147
Baddi,12000272LLMCF24001HH04,68
Baddi,12000274BAMMC24001HH02,77
Baddi,12000274BLMMC24003HH01,101
Baddi,12000277BAOOC66001HH02,105
Baddi,12000280BAKKC66001HH01,1699
Baddi,12000281BAOOC66001HH01,1646
Baddi,120105BAOE,122
Baddi,120105BAOOLD,6331
Baddi,120105BDOE,30
Baddi,12031BA,0
Baddi,12031BACC,12950
Baddi,12031BAOE,14950
Baddi,12031HOOQT,214
Baddi,120352BAW11001DV02,157
Baddi,12047BAOE,42695.02
Baddi,12047BAOOB,192
Baddi,120521BAOE,0
Baddi,120902BDOO,8008
Baddi,12091BAOE,39614.2
Baddi,120F76BA,334
Baddi,120F76BDOOO,174
Baddi,120G65BAOO,28426
Baddi,120G88BA,1941
Baddi,120H19BAOKA,184
Baddi,120H89BAKKW4,241
Baddi,120I09BD,396
Baddi,120I09BDOKD,509.93
Baddi,120I36BD,422
Baddi,12400005BACC,2954
Baddi,12400011BAKK,4688
Baddi,12400011OSKK,13542
Baddi,12400019BAOKW,2131
Baddi,12400019BDKKD4,173.34
Baddi,12400019BDOK,172
Baddi,12400030BDKK,5219
Baddi,12400032BAKK,9935
Baddi,12400032BALD,409
Baddi,13000030BADC,424
Baddi,13000035BAMO,4807
Baddi,13000088BDCC,12537
Baddi,13000093BACC,1034
Baddi,13000116BAMFQW2,1072
Baddi,13000116BAMFW,68
Baddi,13000116HMFWW11001DD03,70
Baddi,13000143BAMK,765
Baddi,13000146BACCW,234
Baddi,13000224BAMMB,58
Baddi,13000278BAMKW,18017.2
Baddi,13000278BAMKW4,408
Baddi,13000279BAMKW,0
Baddi,13000309BDMK,1793
Baddi,13000340BAMC1W4,9255
Baddi,13000340BAMCW4,4128.01
Baddi,13000356LXDDC44055HH01,117
Baddi,13000360BDCCB,2884
Baddi,13000391BDMM,641
Baddi,13000401BDMKD,447.31
Baddi,13000424BDDD,120
Baddi,13000437BACC,12630
Baddi,13000459BAMMAC33001HH01,155
Baddi,13000459BAMMAC55002HH01,47
Baddi,13000459BAMMAW11001HH03,182
Baddi,13000465BADDR2,999
Baddi,13000472BADVR,825
Baddi,13000473BADDW,2978
Baddi,13000478BADD,589
Baddi,13000482BAKK,328
Baddi,13000488BADDR,1848
Baddi,13000496BAMD,139
Baddi,13000497BLMCF12001HH01,73
Baddi,13000503BAMFBW,267
Baddi,13000504BAMFWW11001DD01,6823
Baddi,130104BA,27157.6
Baddi,130129BA,27630
Baddi,130129BD,260
Baddi,130129HDDQT,193
Baddi,130129HOOQT,258
Baddi,130176BA,2329
Baddi,130176BAK,251
Baddi,130176BAMC,85
Baddi,130218BD,1780
Baddi,13049BA,956
Baddi,13049BDMM,413.31
Baddi,130542BACKLD,7805
Baddi,130542BDCC,2701
Baddi,130630BA,0
Baddi,130630BD,71.41
Baddi,130643BD,20
Baddi,130C11BAMMC22013HH03,1763
Baddi,130C11BAMMW11001HH01,20
Baddi,130C56BAMCDW4,2158
Baddi,130C56BAMCW,1878
Baddi,130C56BDMC2,81
Baddi,130D07BA,0
Baddi,130D07BADDA,922
Baddi,130D07BAMDA,43
Baddi,130D07BAMMA,14970
Baddi,130F99BAMCBW,0
Baddi,130F99BAMCBW4,370
Baddi,130G92BDMC,1148
Baddi,130J13BAK,0
Baddi,130K00BAMK,3331
Baddi,130M28BAKK,8355
Baddi,130M28BAMK,16892
Baddi,130M90BDCC,40
Baddi,130N26BAMC,9005
Baddi,130N26BDMCD,1130.73
Baddi,130N33BD,0
Baddi,130Q00BDDKD,131.18
Baddi,130Q18BDDD,1035
Baddi,130Q27BA,0
Baddi,130Q28BDCC,349
Baddi,130R16BA,0
Baddi,13200042BDMO,2575.24
Baddi,13200046BADK,235650
Baddi,13200046BAKK,946
Baddi,13200048BADO,87
Baddi,13200050BADKW,697
Baddi,13200051BADV,355
Baddi,13200051BADVR,85902
Baddi,13200052BADFW,14183
Baddi,13209BD,288.16
Baddi,132187BA,0
Baddi,132194BD,135
Baddi,132194BDMCO,3409
Baddi,132294BADKW,12065
Baddi,132294BAW,0
Baddi,132294BDDKDWO4,199.78
Baddi,132294BDDKW4,546
Baddi,132320BA,0
Baddi,132340BA,0
Baddi,132340BADK,992
Baddi,132340BADKA,2968
Baddi,132340BDDK,3179.41
Baddi,132340BDDKD,306.83
Baddi,13257BADKA,95398.1
Baddi,13257BAK,76
Baddi,14000059BAMMB2,971
Baddi,14000093BAMMSW11001HH34,170
Baddi,14000093LLMMSW11001HH45,119
Baddi,14000097BAMM,11435
Baddi,14000097BAMMB,469
Baddi,14000187BDMM,116
Baddi,14000313BAMMB,47
Baddi,14000313BAMMBA,22833.29
Baddi,14000313BAMMBA2,16696
Baddi,14000320BAMCDS,222.98
Baddi,14000355HMMF21001HH01,27
Baddi,14000396BAMCSW11001HH02,1506
Baddi,14000396BAMCSW11001HH03,1290
Baddi,14000396BAMCSW11001HH05,2484
Baddi,14000396BAMCSW11001HH71,84
Baddi,14000396LLMMSW11001HH56,2833
Baddi,14000398BAMD,1058
Baddi,14000398BAMDR,1932
Baddi,14000398BAMDSAS12001HH01,451
Baddi,14000398BAMDSRAW11001HH02,1688
Baddi,14000398BAMK,14070
Baddi,14000425BAMCSS14001DD01,1240
Baddi,14000431BAMD,189
Baddi,14000432BAMCSW4,2109
Baddi,14000432BAMCW,64252.55
Baddi,14000494BAMMB2,2224
Baddi,14000511BAMMSW11001HH01,170
Baddi,14000511BAMMSW11001HH02,142
Baddi,14000511BAMMSW11001HH03,132
Baddi,14000511BAMMSW11001HH04,151
Baddi,14000511LLMMSW11001HH05,157
Baddi,14000511LLMMSW11001HH09,128
Baddi,14000514LLMMSW11001HH01,116
Baddi,14000514LLMMSW11001HH03,90
Baddi,14000514LLMMSW11001HH07,105
Baddi,14000514LLMMSW11001HH08,161
Baddi,14000514LLMMSW11001HH09,297
Baddi,14000514LLMMSW11001HH10,138
Baddi,14000514LLMMSW11001HH11,119
Baddi,14000514LLMMSW11001HH12,62
Baddi,14000536BLMMSC33007HH01,116
Baddi,14000542BAMMSC22005HH01,4462
Baddi,14000582LLMMSC22002HH02,57
Baddi,14000606BAMMSAC33002HH01,1736
Baddi,14000610BAMMSF21001HH13,114
Baddi,14000610BAMMSF21001HH14,1535
Baddi,14000610BAMMSF21001HH17,1751
Baddi,14000610BAMMW11001RR01,1361
Baddi,14000610BLMMSF12001HH01,1552
Baddi,14000610LLMMSF21001HH01,157
Baddi,14000610LLMMSF21001HH02,138
Baddi,14000610LLMMSF21001HH04,169
Baddi,14000610LLMMSF21001HH05,181
Baddi,14000610LLMMSF21001HH07,97
Baddi,14000610LLMMSF21001HH08,129
Baddi,14000610LLMMSF21001HH10,55
Baddi,14000610LLMMSF21001HH11,120
Baddi,14000610LLMMSF21001HH12,189
Baddi,14000611BAMCSC66001HH02,627
Baddi,14000611BAMCSW11001HH34,3809
Baddi,14000611BAMCSW11001HH35,1345
Baddi,14000611BAMCSW11001HH37,2919
Baddi,14000611BAMCSW11001HH38,7188
Baddi,14000611BLMCC44007HH01,50
Baddi,14000611BLMCC55002HH01,64
Baddi,14000611LLMCSW11001HH36,87
Baddi,14000612BAMMAW11001RR15,2531
Baddi,14000612BAMMAW11001RR23,2689
Baddi,14000612BAMMAW11001RR24,2623
Baddi,14000612BAMMAW11001RR25,2617
Baddi,14000614BAMMSW11001HH01,45
Baddi,14000616BAMMAC22084HH01,1103
Baddi,14000616BAMMAC33184HH01,24
Baddi,14000616BAMMAC33184HH02,1091
Baddi,14000616BLMMAC22080HH01,1189
Baddi,14000616BLMMAC33171HH01,77
Baddi,14000616BLMMAC33183HH01,1120
Baddi,14000616BLMMAC33185HH01,914
Baddi,14000616BLMMAC33187HH01,1191
Baddi,14000616BLMMAC33188HH01,421
Baddi,14000616BLMMAC33189HH02,68
Baddi,14000616BLMMAC33190HH01,485
Baddi,14000616BLMMAC44136HH01,343
Baddi,14000616BLMMAC44138HH01,362
Baddi,14000616BLMMAC55027HH01,1176
Baddi,14000616LLMMA2C33024HH02,77
Baddi,14000616LLMMAC22083HH01,1135
Baddi,14000616LLMMC66008HH01,29
Baddi,14000618BAMMSNW11001HH01,232
Baddi,14000618BAMMSNW11001HH02,86
Baddi,14000618BAMMSNW11001HH05,1058
Baddi,14000618BAMMSNW11001HH06,827
Baddi,14000618BAMMSWW11001HH15,1521
Baddi,14000618BAMMWW11001RR01,209
Baddi,14000618LLMMSWW11001HH16,1466
Baddi,14000639BAMMSW11001HH04,119
Baddi,14000641BDMD,79291
Baddi,14000642BAMO,2614
Baddi,14000646BDMD,53150
Baddi,14000680BDMD,485.8
Baddi,14000684BLMM2C12001HH01,46
Baddi,14000690BAMMSW11001RR01,5707
Baddi,14000690BAMMSW11001RR02,1155
Baddi,14000690BAMMSW11001RR03,3047
Baddi,14000690BAMMSW11001RR04,610
Baddi,14000690BAMMSW11001RR06,121
Baddi,14000690HMMTW11001RR12,25
Baddi,14000695BAMM,947.78
Baddi,14000708HMMS31003HH01,60
Baddi,14000711BAMMC33006RR01,28
Baddi,14000711BAMMSC22010HH01,56
Baddi,14000712BLMM2C33001HH01,63
Baddi,14000712BLMM2C33001HH02,329
Baddi,14000716BAMMSS21005HH01,43
Baddi,14000716BAMMSS21005HH07,57
Baddi,14000725BLMMA2C33003HH01,101
Baddi,14000730BAMMB,196
Baddi,14000732BAMD,4440
Baddi,14000739BAMM,207
Baddi,14000748BADDW,2250
Baddi,14000756BADD,7706
Baddi,14000757BDDD,9357
Baddi,14000764BADDC22001HH01,3794
Baddi,14000764BADDF31001HH01,61
Baddi,14000764BADDS21001HH01,3092
Baddi,14000774BAMMD,30668
Baddi,14000783BDMD,825
Baddi,14000786BLMMC55001HH01,140
Baddi,14000789BAMMSW11001HH02,1378
Baddi,14000796BLMMSC54001HH01,2093
Baddi,14000796BLMMSC54001HH03,2297
Baddi,14000797BAMMSC22001HH01,14492
Baddi,14000797BAMMSC33001HH01,16267
Baddi,14000797BAMMSC33003HH01,16692
Baddi,14000797BAMMSC44002HH01,11034
Baddi,14000797BAMMSC44003HH01,11096
Baddi,14000797BLMMSC33002HH01,5203
Baddi,14000800BAMMSW11001HH02,167
Baddi,14000801BADDC22004HH01,88
Baddi,14000801BADDC22011HH01,1885
Baddi,14000801BADDC32001HH01,5546
Baddi,14000801BADDC55001HH01,585
Baddi,14000801BADDS21001HH01,353
Baddi,14000801BAMMSW11001HH01,87
Baddi,14000802BLMMSS14001HH01,104
Baddi,14000802BLMMSS14001HH02,1458
Baddi,14000802BLMMSS14001HH03,1360
Baddi,14005BACM,39592
Baddi,14005BAMMB,421
Baddi,14015BACM,201727
Baddi,14015BALD,5141
Baddi,14015BAMMB,2127
Baddi,14015BAMMO,54
Baddi,14015BAMMS,0
Baddi,140313BACM,1060
Baddi,140324BA,4100
Baddi,140324BABW,1179
Baddi,140324BAMCBW,4899
Baddi,140324BAMCBW4,460
Baddi,140324BAMCSW,53
Baddi,140324BDMCW4,17200.26
Baddi,140367BAB,2923
Baddi,140367BACM,75700
Baddi,140367BAMMB2,13950
Baddi,140371BACM,181249.21
Baddi,140371BAMMJ,27254
Baddi,140427BAMCBW,194
Baddi,140427BAMCSW,0
Baddi,140427BAMCW4,373
Baddi,140448BAMMB,4264
Baddi,140511BAMCB,314.16
Baddi,140511BAMCS,0
Baddi,140511BAMOB,18509
Baddi,140891BA,4234
Baddi,140891BAMMS,0
Baddi,14095BAB,300
Baddi,14095BAMC,699
Baddi,14095BAMCB,360.24
Baddi,14095BAMCC,5821
Baddi,14095BAMCC2,7153
Baddi,14095BAMCS,0
Baddi,14095BAMMB,21015
Baddi,14095BLMCC34001HH02,46
Baddi,140B49BA,42
Baddi,140B49BDMMB,637
Baddi,140B81BA,1928
Baddi,140H06HMMQT,211
Baddi,140I21BAMMO,1624
Baddi,140I21BD,20
Baddi,140I21HDDQT,209
Baddi,140J17BDMKD,517.52
Baddi,140M80BAB,0
Baddi,140M80BAMCS,0
Baddi,140N57BD,8545
Baddi,140U31BAMKSW,0
Baddi,140U31BAMKW,85
Baddi,140U31BAMKW4,308
Baddi,140U96BAMMBN,353
Baddi,140V33BAMMB2,347
Baddi,140V46BAMM,1304
Baddi,140W87BDMCD,205.43
Baddi,140W88BAF12001DR01,117
Baddi,140W88BAF12001DR02,378
Baddi,14252BA,3032
Baddi,14252BAB,17407
Baddi,14500033BAMMB,3417
Baddi,14500101BADD,1863
Baddi,14500101BADDRA,466
Baddi,14500101BADDRA2,46604
Baddi,14500108BACCB,22987
Baddi,14500116HCCNQ,31
Baddi,14500117BACCZN,2072
Baddi,14502BDMC,109.25
Baddi,14514BAMM,5128
Baddi,14595BACCB2,240
Baddi,15000030BAMMA,7875
Baddi,15000076BADD,4046
Baddi,15000127HMM,32
Baddi,15000146BAMMD,7524
Baddi,15000147BAMC,7094.99
Baddi,15000175HMMC44018HH01,24
Baddi,15000175HMMC44018HH02,24
Baddi,15000263BAMMB2,180
Baddi,15000278BAMMSW11001HH04,519
Baddi,15000278BAMMSW11001HH06,184
Baddi,15000278BAMMSW11001HH07,1600
Baddi,15000278BAMMSW11001HH08,267
Baddi,15000278BAMMW11001HH01,1673
Baddi,15000278LLMMW11001HH09,250
Baddi,15000278LLMMW11001HH10,279
Baddi,15000278LLMMW11001HH11,455
Baddi,15000278LLMMW11001HH12,226
Baddi,15000278LLMMW11001HH17,555
Baddi,15000365BAMMBN2,128
Baddi,15000458BAMK,34171
Baddi,15000462BAMM,3234
Baddi,15000474BAMCS,0
Baddi,15000474BAMMB,25
Baddi,15000502BAMKS,0
Baddi,15000536HMC,64
Baddi,15000617BLMMC22004HH01,80
Baddi,15000617LLMMS13001HH01,70
Baddi,15000618BAMCS,10408
Baddi,15000648BLMMNF12001HH07,309
Baddi,15000648BLMMNF21001HH04,184
Baddi,15000648BLMMNF21001HH05,568
Baddi,15000663BAMMF12001HH01,1564
Baddi,15000663BAMMF21001HH12,1456
Baddi,15000663BAMMF21001HH15,194
Baddi,15000663LLMMC22002HH01,988
Baddi,15000663LLMMF21001HH09,1098
Baddi,15000663LLMMF21001HH11,115
Baddi,15000663LLMMF21001HH13,87
Baddi,15000680BAMC,208
Baddi,15000694BAMM,19768.28
Baddi,15000694BAMMJ,1642
Baddi,15000715BAMMW,419
Baddi,15000735BAMMC44003HH01,916
Baddi,15000735BLMMC33002HH01,1466
Baddi,15000745BLMMSC44001HH01,111
Baddi,15000747BAMMSNW11001HH01,167
Baddi,15000754BAMMSC22001HH01,66
Baddi,15000760BAMMC22001HH02,241
Baddi,15000779BLMMSS12001DH01,186
Baddi,15000789BAMPSC22001HH01,1130
Baddi,15000797BAMMW11001HH01,2195
Baddi,15000810BAMMW11001RR01,79
Baddi,15000827BAMM,168
Baddi,15000835BAMMS12001HH01,78
Baddi,15000841BAMMB,200
Baddi,15000850BAMMW11001HH01,70
Baddi,15000850LLMMW11001HH02,132
Baddi,15000852BAMMW11001HH02,46
Baddi,15000853LLMMW11001HH01,80
Baddi,15000853LLMMW11001HH02,124
Baddi,15000853LLMMW11001HH03,115
Baddi,15000853LLMMW11001HH04,93
Baddi,15000853LLMMW11001HH05,118
Baddi,15000854BAMMW11001HH07,125
Baddi,15000857BAMMC44001HH01,166
Baddi,15000859BAMMNC33001NRR01,47
Baddi,15000863BAMMC67001HH09,69
Baddi,15000863BLMMC67001HH02,27
Baddi,15000865BAMMC22001HH01,75
Baddi,15000866BLMMC36001HH02,21
Baddi,15000866BLMMC36001HH06,78
Baddi,15000868BAMMNF12001HH01,200
Baddi,15000869BLMMC22001HH01,20
Baddi,15000872BAMMNF22001HH01,1375
Baddi,15000873BAMM,5618
Baddi,15000873HMM,57
Baddi,150183BAB1,0
Baddi,150183BAMMZN,339
Baddi,150208BAMM,1440
Baddi,150246BAF21001RR47,0
Baddi,150246BAMMNSF21001HH70,121
Baddi,150246BAMMNSF21001HH73,52
Baddi,150264BA,55082
Baddi,150264BA1,120
Baddi,150264BAB,9408
Baddi,150264BAMMB,2155
Baddi,150264BAMMO,297
Baddi,150264BAMMS,0
Baddi,150303BA,2008
Baddi,150303BAMMJ,371
Baddi,150303BAMMZ,1872.12
Baddi,150303BD,217.84
Baddi,150307BAMMA,539
Baddi,150412HMMN,35
Baddi,150442BAB1,7086.02
Baddi,150442BAMC,27171
Baddi,150442BAMCB3,923
Baddi,150635BAMMAF21001HH16,133
Baddi,150635BAMMAF21001HH43,125
Baddi,150635BAMMAF21001HH45,108
Baddi,150635BLMMAF21001HH13,118
Baddi,150635BLMMAF21001HH49,1838
Baddi,150635LLMMAF12001HH03,1809
Baddi,150635LLMMAF12001HH04,1834
Baddi,150635LLMMAF21001HH40,64
Baddi,150635LLMMAF21001HH44,55
Baddi,150635LLMMAF21001HH46,102
Baddi,150635LLMMAF21001HH47,54
Baddi,150635LLMMAF21001HH48,1811
Baddi,150635LLMMAF21001HH51,1822
Baddi,150635LLMMASF12001HH02,97
Baddi,150A83BAMCBO,3252
Baddi,150A83BAMCO,4128
Baddi,150G07BDMKD2,84.01
Baddi,150G63BA,123
Baddi,150G77BAMMW11001HH14,100
Baddi,150K05BAMM1,13266
Baddi,150K05BAMMB,105
Baddi,150K05BAMMB2,61
Baddi,150K05BAMMB3,3638
Baddi,150K05BAMMZ2,180
Baddi,16000066BAMM,19162
Baddi,16000066BAMMB,930
Baddi,16000083BAMO,0
Baddi,16000084BAPP,0
Baddi,16000094BAMMZA,350
Baddi,16000108BAMM,26423
Baddi,16000108BAMMB,555
Baddi,16000108BAMMBN,0
Baddi,16000116BAMCB,120
Baddi,16000116BAMCBA,206
Baddi,16000116BAMCD,128
Baddi,16000173BAMMA,47754
Baddi,16000173BAMMB,200
Baddi,16000173BAMMZ,2374
Baddi,16000185BAMM,3762
Baddi,16000185BAMMZ,310
Baddi,16000204BAMM,2050
Baddi,16000204BAMMB,195
Baddi,16000204BAMMB2,10972
Baddi,16000211BAMMBN,565
Baddi,16000227BAMMWO,60
Baddi,16000227BAMMWO2,40
Baddi,16000232BAMMBN2,8678
Baddi,16000232BAMMN,5564
Baddi,16000233BAMM,5155
Baddi,16000237BAMC,15703
Baddi,16000247BAMMAS21001RR02,4709
Baddi,16000247BAMMW11001RR10,1436
Baddi,16000247BAMMW11001RR11,141
Baddi,16000247BAMMW11001RR12,135
Baddi,16000251BAMO,24513
Baddi,16000257BAMMJ,14456.9
Baddi,16000259BAMM,984
Baddi,16000259BAMMJ,33127
Baddi,16000278BAMMB2,12094
Baddi,16000289BAMMC22001HH02,27
Baddi,16000294BAMMBN,43
Baddi,16000294BAMMZAN,192
Baddi,16000307BADDR,26262
Baddi,16000312BAMMNC22001RR02,112
Baddi,16000314BAMMZW,7309.8
Baddi,16000316BAMMBO,4691
Baddi,16000316BAMMO,1969
Baddi,16000321BAMMNC44001HH02,106
Baddi,16009BA,0
Baddi,16009BAMMO1,15048
Baddi,16009BAMMZ,797
Baddi,16009BAOG,185
Baddi,16009BDMM,50120.99
Baddi,160158BAMD2,3669
Baddi,160181BAD1,2636.01
Baddi,160181BAMC,6386
Baddi,160181BAMCB,3836
Baddi,160181BAMCBL,2356
Baddi,160192HMM,29
Baddi,160325HMM,21
Baddi,160464BAMM,4903
Baddi,160464BAMMB2,2246
Baddi,160497BAMMBN,4648
Baddi,160563BA,9268
Baddi,160563BAMMB2,14915
Baddi,160563BAMMB3,1724
Baddi,160563BAMMJ,460
Baddi,160563BAMMO,130
Baddi,160563BDMMB,3081
Baddi,16072BACM,60909.01
Baddi,16072BDMO,545
Baddi,160808BAMMZ1,0
Baddi,160874BAMMO,5421
Baddi,160A63BA,2426
Baddi,160A63BAMMB1S,0
Baddi,160A63BAMMBN,430
Baddi,160A63BAMMZ5,9605
Baddi,160A63HVC,122
Baddi,160A87BAMM,158
Baddi,160A87BAMMD2S,4384
Baddi,17000033BAMMW11001HH01,475
Baddi,170221BAC55001RR01,0
Baddi,17077BAMMSW,0
Baddi,18000020BAMM,0
Baddi,18000020HMM,83
Baddi,18000035BAFM,588
Baddi,18000035BAFMC44008DH01,4220
Baddi,18000035BAFMSC33005DH01,4642
Baddi,18000035BAFMSC44003DH01,1327
Baddi,18000035BAFMSF21001DH02,80
Baddi,18000035BAFMSW11001DH05,279
Baddi,18000035BAFMSW11001DH09,857
Baddi,18000035BLFMSC44007DH01,1196
Baddi,18000035BLFMSF21001DH05,760
Baddi,18006BA,104856
Baddi,18006BAMMO,152210
Baddi,18015BAMMO,51272
Baddi,180167BA,14748.01
Baddi,22000010BAKK,112
Baddi,22000010HOO,17
Baddi,23000039BAKKW11001FD01,1138
Baddi,23000042BLCCAS12001HH03,70
Baddi,23000056BLCCAW12001HH04,92
Baddi,23000056BLCCAW12001HH05,80
Baddi,23000060BLCCC22001HH01,78
Baddi,23000061BLCCF21001HH02,161
Baddi,23000061BLCCF21001HH03,172
Baddi,23000065BLCCWW11001HH04,32
Baddi,23000068BLCCF22001HH01,168
Baddi,23000068BLCCF22001HH02,71
Baddi,23000068BLCCF22001HH03,84
Baddi,230263BAW11001RR01,0
Baddi,24000017BACCF21001HH01,77
Baddi,24000053BAMO,3595
Baddi,24000053BDCO,335
Baddi,24000110BAKKW11001FD01,116
Baddi,24000111BAKKW11001FD03,50
Baddi,24000122BAKKAW11001FD05,247
Baddi,24000129BAMCW11001HH02,510
Baddi,24000129BLMCW11001HH03,2785
Baddi,24000129BLMCW11001HH04,2358
Baddi,24000133BAKKW11001FD01,47452
Baddi,24000134BAKKW11001FD01,1903
Baddi,24000134BAKKW11001FD02,15142
Baddi,24000144BAKKW11001FD01,983
Baddi,24000145BAKKW11001FD01,991
Baddi,240B16BAMM,3286
Baddi,240B51BAMCBW,6097
Baddi,25000027BAMC,217
Baddi,25091BAECS,308
Baddi,26000004BAMMAW11001HH06,26
Baddi,26000004BAMMAW11001HH08,122
Baddi,26000004BAMMW11001RR01,93
Baddi,26000046BAMMB,286
Baddi,26000046BAMMBA,2586
Baddi,260247BAR,0
Baddi,260300BAEEBA,9963
Baddi,260300BAEEBAO,1904
Baddi,260456BAEKC,2739
Baddi,28000007BAMMBN,2129
Baddi,28000013BAMMBN2,6375
Baddi,28000016BAMMB,6138
Baddi,28000059BAMMW11001HH03,549
Baddi,28000064BAMMS21001HH01,243
Baddi,28014HMM,41
Baddi,280867BAMM,3009
Baddi,280A95BAMC,8051
Baddi,2A000018BAMC2WN,2929
Baddi,36000002BACKW4,110
Baddi,36000002BDMKW4,105
Baddi,36026BAMMB2,512
Baddi,36026BAMMB3,780
Baddi,3A002BAMM,113
Baddi,6D002BAEMBA,2191
Baddi,A107A138HOP12WW11001HH01,38
Baddi,A108A055HOO12SF12001HH02,43
Baddi,A110A109BDOO,251
Baddi,A110A187BAOKW,1394
Baddi,A110A187BDOKDW4,233.34
Baddi,A110A373BDOO,30
Baddi,A110A403BAKKOQ,60
Baddi,A110A444BAOCWW11001HH03,177
Baddi,A110A473HOO12WF12001HH01,34
Baddi,A112A098BDOO,255
Baddi,A112A149BAOCL,28207
Baddi,A112A149BAOCWL,0
Baddi,A112A354BDKC,312.58
Baddi,A112A379BAOO,134.2
Baddi,A114A066BDKK,20.01
Baddi,A114A117BAOOWLD,6541
Baddi,A114A124BALD,635
Baddi,A114A125BALD,2904
Baddi,A114A137HKCW,12
Baddi,A115A004OSPP,3425
Baddi,A115A007OSPP,22
Baddi,A116A385BAOC,389
Baddi,A116A446BAOCW4,361
Baddi,A116A480HKK,47
Baddi,A116A480HPP,183
Baddi,A116A583BDCKD,4077.42
Baddi,A116A661BAKC,121457.11
Baddi,A116A672MOKW,80.4
Baddi,A116A700BAKCC33001DH01,86
Baddi,A116A706HOKS,68
Baddi,A116A802BAOCF21001HH02,175
Baddi,A116A895BAOO4,65553.97
Baddi,A116A903BACC,335
Baddi,A116A943MOO,30
Baddi,A116A950BDOCDW4,108
Baddi,A116A982HOO12WS22001HH01,27
Baddi,A116B001HOOC44001HH01,38
Baddi,A116B001HOOC55001HH01,37
Baddi,A116B003HOCSW12001HH02,31
Baddi,A1200089BAOO,191
Baddi,A1200156BACO,749
Baddi,A1200156HCO,278
Baddi,A1200280BAOFW,8212
Baddi,A1200289BAKK,0
Baddi,A120A333BACCD2W,0
Baddi,A120A410BAVVW11001DH02,67
Baddi,A120A440BDOK,106
Baddi,A120A440BDOKD,461.22
Baddi,A120A528BADV,374
Baddi,A120A556BAOFQ,301
Baddi,A120A569BAMCWC55001HH02,125
Baddi,A120A671BAKCWL,0
Baddi,A120A911HOKQWT,190
Baddi,A120B003BAOCB2,4780
Baddi,A120B045BAKC,3164
Baddi,A120B045BAKCD,3487.38
Baddi,A120B103BACKWW11001GH03,6518
Baddi,A120B128HCKSW,200
Baddi,A120B143BAMKW,232
Baddi,A120B224BAMCWW11001RR01,87
Baddi,A120B224BAMCWW11001RR02,720
Baddi,A120B224HMCWC44009HH01,183
Baddi,A120B322BAOC,304
Baddi,A120B375BDOO,468.48
Baddi,A120B383HCMC22001DH02,31
Baddi,A120B394BAMCW11001HH05,149
Baddi,A120B394BLMCW11001HH06,264
Baddi,A120B394BLMCW11001HH07,295
Baddi,A120B413BACCDW4,119
Baddi,A120B413BACCW,287
Baddi,A120B456BAOO,3116
Baddi,A120B831BLMCW12001HH04,258
Baddi,A120B911MOKW,364.13
Baddi,A120B960BAOOW,225
Baddi,A120B980HKK,371
Baddi,A120B981HMM12WC88001HH06,36
Baddi,A120C013BAOD,60
Baddi,A120C013BAODR,149
Baddi,A120C053HMKST1,261
Baddi,A120C069BACC,5723
Baddi,A120C088BACKD,659
Baddi,A120C088HCK,46
Baddi,A120C093BAOKW,6068
Baddi,A120C093HOKQWT,238
Baddi,A120C136BACDAS21001HH02,1640
Baddi,A120C136HCDW11001HH08,17
Baddi,A120C180BAMMWC22004HH02,1026
Baddi,A120C180BAOOC33008HH01,274
Baddi,A120C180BAOOC44005HH01,1134
Baddi,A120C180BAOOC55004HH01,6081
Baddi,A120C180BAOOC66001HH01,39
Baddi,A120C180BAOOC66001HH02,407
Baddi,A120C180BAOOWC22004HH01,963
Baddi,A120C180BAOOWC33003HH01,5902
Baddi,A120C180BAOOWC33003HH02,5326
Baddi,A120C180BAOOWC33007HH01,700
Baddi,A120C180HOOC22009HH01,25
Baddi,A120C180HOOC55007HH01,30
Baddi,A120C180HOOC55007HH02,31
Baddi,A120C280BAMCS22001HH03,97
Baddi,A120C324BDCCW4,5429
Baddi,A120C327BAOFWQ,78
Baddi,A120C338BACCW11001DH03,92
Baddi,A120C342BAMC,169
Baddi,A120C347HKKSW,83
Baddi,A120C359BDCC,5345
Baddi,A120C365BAKK,14530
Baddi,A120C365BAMM,4256
Baddi,A120C415LLMCC24001HH05,334
Baddi,A120C424BACCWQ,457
Baddi,A120C453BACKW,272
Baddi,A120C453BACKW4,246
Baddi,A120C453BAKKW,24626
Baddi,A120C481BAMMW22001HH02,154
Baddi,A120C488BAMC,79
Baddi,A120C514BAOKW,315
Baddi,A120C515BAOO,404
Baddi,A120C535BAOO,6583
Baddi,A120C537BAMC,109
Baddi,A120C679BAKKC55001HH02,179
Baddi,A120C692HKCW,146
Baddi,A120C722HCK,576
Baddi,A120C727HMMW,47
Baddi,A120C732BAMMW11001RR01,606
Baddi,A120C732BAMMW11001RR06,435
Baddi,A120C771BLMCW12001HH03,775
Baddi,A120C772BLMCC24001HH02,5705
Baddi,A120C772BLMCC24001HH03,1621
Baddi,A120C772BLMCC24002HH02,1885
Baddi,A120C772BLMCC24002HH03,5195
Baddi,A120C773BLMCC24001HH02,4314
Baddi,A120C773BLMCC24001HH03,3274
Baddi,A120C777BAMCW12001HH04,128
Baddi,A120C777BLMCW12001HH02,100
Baddi,A120C787BAMCWC22001HH03,599
Baddi,A120C787BAMCWC22002HH01,606
Baddi,A120C787HMCWC22004HH03,503
Baddi,A120C794HMC11WC24001TT01,33
Baddi,A120C811HMC12WS22001HH01,35
Baddi,A120C856BACCB,35469.01
Baddi,A120C857HCC12W,15
Baddi,A120C873HCCW12W,47
Baddi,A120C874HCKW12W,50
Baddi,A120C875HCKW12W,48
Baddi,A120C898BACOB,231
Baddi,A120C899HCCW,32
Baddi,A120C902HOOWTC33001HH01,242
Baddi,A120C903BACKWL,124
Baddi,A120C922HCF,32
Baddi,A120C927BACCW11001DH04,170
Baddi,A120C934HMD12W,51
Baddi,A120C938BAMOW11001HH02,2485
Baddi,A120C938HMKW11001HH04,36
Baddi,A120C938HMOW11001HH02,28
Baddi,A120C942OSPP,40
Baddi,A120C948HKKC22001HH01,18
Baddi,A120C959HMCSC22001HH01,30
Baddi,A120D010HDD,188
Baddi,A120D012HMM12WC22001HH01,36
Baddi,A120D027HOD,49
Baddi,A120D028HOD,50
Baddi,A120D031HKK,24
Baddi,A120D043HKK,20
Baddi,A121A012BAKKC33002HA01,313
Baddi,A124A117BAKK,1222
Baddi,A124A179BAKKW,0
Baddi,A124A179BAKKWO,1552
Baddi,A124A179BAKKWO4,295
Baddi,A124A189BACCW4,26831
Baddi,A124A296BAKKW,23120
Baddi,A124A296BAKKW34,5434
Baddi,A124A296BDKKBW4,9623.31
Baddi,A124A350HKC,59
Baddi,A124A454BAKCW,15782
Baddi,A124A454BDKCDWL4,1449.8
Baddi,A124A503BAKCWLR4,79319.96
Baddi,A124A548BADD,18019
Baddi,A124A548BAKK,5688
Baddi,A124A558HCCW,0
Baddi,A124A615HKKWX,109
Baddi,A124A616HKKW,53
Baddi,A124A628HKFW,79
Baddi,A1300198BADKD,28862
Baddi,A1300213BDDKB,9529
Baddi,A1300213BDDKDW4,280.29
Baddi,A130A343BAKK,11471
Baddi,A130A358BDMC,27878
Baddi,A130A393BDMO,0
Baddi,A130A433BADDA,8519
Baddi,A130A433BADDR,5377
Baddi,A130A685BADD,12635
Baddi,A130A685BAKK,367
Baddi,A130A723BAPKW4,125
Baddi,A130A733BAKCW,0
Baddi,A130A882BACCBW,59711
Baddi,A130A882BACCBW3,996
Baddi,A130A882BACCBW4,540.54
Baddi,A130A882BACCDW,3569
Baddi,A130A882BACCDW4,6102
Baddi,A130A882BACCDW5,63073
Baddi,A130A882BDCCDW24,89.11
Baddi,A130A882HCCQWT,218
Baddi,A130A923BAMK,7274
Baddi,A130B074OSPP1,17946
Baddi,A130B144OSPP,350
Baddi,A130B181BAMCDW,1884.11
Baddi,A130B181BAMCZW,1406
Baddi,A130B190BAMKW4,113
Baddi,A130B281BADV,1378
Baddi,A130B281BADV2,383
Baddi,A130B335BLMCF21001HH03,106
Baddi,A130B335LLMCF21001HH02,107
Baddi,A130B339BADCW,1059.01
Baddi,A130B339BADCWN4,615
Baddi,A130B433BADOR,69
Baddi,A130B443BADK,33
Baddi,A130B459BADDR,3825
Baddi,A130B459HKK,132
Baddi,A130B472BACK,3988
Baddi,A130B547BADDR,1002
Baddi,A130B547BADVR,510
Baddi,A130B557BAMFBW,11161
Baddi,A130B557HMFW2,46
Baddi,A130B609BADK,1006
Baddi,A130B609OSPP2,7182
Baddi,A130B652BADVR,1689
Baddi,A130B680BADD,421
Baddi,A130B680BADV,13286
Baddi,A130B680BADVR,11113
Baddi,A130B680BAKK,170
Baddi,A130B699BAMKW,120
Baddi,A130B742BADCW,27703
Baddi,A130B742BAMCWC42003HH01,926
Baddi,A130B742BAMCWCN7001HH01,242
Baddi,A130B742BAMCWS24001HH01,1741
Baddi,A130B742HMCWCR9001HH01,62
Baddi,A130B796BACCWL,100
Baddi,A130B817BACK,7081.51
Baddi,A130B873BACCBAL,12110
Baddi,A130B873BACCL,44
Baddi,A130B900BACCW,40895
Baddi,A130B900BACCW4,5263.58
Baddi,A130B900BDCCDW4,204.16
Baddi,A130B931OSPP,4383.1
Baddi,A130B937BACCW,392
Baddi,A130B937HCCSW,62
Baddi,A130B961BADC,100
Baddi,A130B970BAMCBW4,538
Baddi,A130B992HCCSW,33
Baddi,A130B993BACCW,907.04
Baddi,A130B994BACCW4,91
Baddi,A130C015HCCS,30
Baddi,A130C095BDMKW4,7434.15
Baddi,A130C241BADKW,8332
Baddi,A130C241BDDKW4,209
Baddi,A130C354BACCWW11001HH02,207
Baddi,A130C407BAMKW4,171
Baddi,A130C409HMCS,21
Baddi,A130C409HMCSW,35
Baddi,A130C411HDKSS21001TT03,46
Baddi,A130C480BAMC,4080
Baddi,A130C491HCCWT,68
Baddi,A130C522BLMCW11001HH04,202
Baddi,A130C522HMCSW11001HH03,29
Baddi,A130C529BLMCC33002HH05,1855
Baddi,A130C529BLMCC33002HH06,425
Baddi,A130C541BACCW4,91
Baddi,A130C579BAMD,5663
Baddi,A130C579BAMK,43
Baddi,A130C653HMCC55001HH03,36
Baddi,A130C723BACCDW,2654
Baddi,A130C744BAMMC22001RR04,60
Baddi,A130C984BADCW,5626
Baddi,A130D001BADV,56329
Baddi,A130D001BADVR,31765
Baddi,A130D045BDMC,37.02
Baddi,A130D046BADDR,241
Baddi,A130D046BADDR2,9743
Baddi,A130D059BAMC,10412
Baddi,A130D067BADKW,70
Baddi,A130D067BADKW4,341
Baddi,A130D116OSPPH,404
Baddi,A130D143LLMCW11001HH01,272
Baddi,A130D168HCC1,23
Baddi,A130D198BADKW,244
Baddi,A130D240BDMCDW4,510
Baddi,A130D260BADD,143
Baddi,A130D277HMFS,23
Baddi,A130D287BAMKW,7031
Baddi,A130D288BADKW,125
Baddi,A130D294BAMC,230
Baddi,A130D325BACK,11155
Baddi,A130D345BAMM,7979.15
Baddi,A130D345BAMM2,165
Baddi,A130D377HCC11WF12001HH01,36
Baddi,A130D379BAMK,1382
Baddi,A130D381BAKF,2112
Baddi,A130D407BAKK,409
Baddi,A130D410BACCWO,1987
Baddi,A130D410BACCWO4,193
Baddi,A130D422BADD,102
Baddi,A130D449BADD,255
Baddi,A130D449BADV,312
Baddi,A130D457BAMD,10848
Baddi,A130D457BAMDC22002HH01,4595
Baddi,A130D457BAMDC33002HH01,60
Baddi,A130D457BAMDC33003HH01,655
Baddi,A130D457BAMDC35001HH01,429
Baddi,A130D457BAMDC44004HH03,342
Baddi,A130D457BAMDC44004HH04,1116
Baddi,A130D457BAMDC44005HH01,391
Baddi,A130D457BAMDC44007HH01,7734
Baddi,A130D457BAMDC44010HH01,1473
Baddi,A130D457BAMDC54001HH01,96
Baddi,A130D457BAMDC54002HH01,2116
Baddi,A130D457BAMDC55003HH01,860
Baddi,A130D457BAMDS31001HH01,2757
Baddi,A130D457HMD,63
Baddi,A130D462BAMCNW11001DH01,3992
Baddi,A130D462BAMCNW11001DH04,9614
Baddi,A130D466HKC11STS51001RR01,189
Baddi,A130D477BAMKBWL,41.01
Baddi,A130D487HCCSWT,239
Baddi,A130D508HCCW11001HH02,51
Baddi,A130D508HCCW11001HH03,106
Baddi,A130D513BAMCF12001HH02,87
Baddi,A130D517BACK,701
Baddi,A130D527BACK,639
Baddi,A130D538BAMMC33001HH03,92
Baddi,A130D582BAMF,11131
Baddi,A130D585HMM12WC55002DH01,36
Baddi,A130D593HKKST,318
Baddi,A130D594BADKW,3650
Baddi,A130D615HCCWT,137
Baddi,A130D621HCC,74
Baddi,A130D636MDO,10.29
Baddi,A130D660MCKW,56.59
Baddi,A130D661BAVK,1820
Baddi,A130D683HCCW,33
Baddi,A130D690BAMF,224
Baddi,A130D691HCCW,50
Baddi,A130D705HKF12WW11001DD01,37
Baddi,A130D709BDMK,509.14
Baddi,A130D719BACCW11001HH03,65
Baddi,A130D733BAMCS21001HH02,7779
Baddi,A130D806HCFW,59
Baddi,A130D814HMOS13001DH01,29
Baddi,A130D823HCC,57
Baddi,A130D838HMFS21001DH01,37
Baddi,A130D861HMC,29
Baddi,A130D862HDKW12W,53
Baddi,A130D863HDKW12W,52
Baddi,A130D864HDKW12W,49
Baddi,A130D865HDKW12W,25
Baddi,A130D870HMFW,111
Baddi,A130D876HDMR12SC35001HH01,36
Baddi,A130D884HCF,45
Baddi,A130D885HDF,84
Baddi,A130D887HMM12WF12001HH01,43
Baddi,A130D889HMO,40
Baddi,A130D890HMC12S,43
Baddi,A1320030BADKW,12907
Baddi,A1320030BADKW4,287
Baddi,A132A166BAMKW,0
Baddi,A132A282BDDK,157274.49
Baddi,A132A406BDDKD,2226.97
Baddi,A132A415BAMC,9386
Baddi,A132A415BDMCD,1172.23
Baddi,A132A416BADDC84003HH03,668
Baddi,A132A416BADDS41022HH01,6218
Baddi,A132A416BADDSL1006HH01,3483
Baddi,A132A435HDD,89
Baddi,A132A438BAMDC22005HH03,102
Baddi,A132A438BAMDC33001HH06,18347
Baddi,A132A438BAMDC33001HH07,4984
Baddi,A132A438BAMDW11001HH14,8811
Baddi,A132A453BADFW,9655
Baddi,A132A744BADK,15461.78
Baddi,A132A791BADD,1370.39
Baddi,A132A819HMCW,16
Baddi,A132A856BADCW,427
Baddi,A132A861BAMCO,2512
Baddi,A132A867BDDKD,40
Baddi,A132A883BADD,246
Baddi,A132A899BADKW4,0
Baddi,A132A901BADKW,64495
Baddi,A132A902BDDKDWV4J,40
Baddi,A132A911BADDNC22006HH02,3329
Baddi,A132A911BADDNC44002HH01,325
Baddi,A132A911BADDNC77002HH01,76
Baddi,A132A927BAMMN,85
Baddi,A132A927BAMMZN,8760
Baddi,A132A927HDDNQ5,24
Baddi,A132A928HDD,36
Baddi,A132A940HMK11WS13001DD01,33
Baddi,A132B037BADCD,138
Baddi,A132B051HDC,53
Baddi,A132B069HDK,362
Baddi,A132B115BADCWC22001HH03,75
Baddi,A132B120BAMF,965
Baddi,A132B132HMMQT,143
Baddi,A132B133HDDWT,383
Baddi,A132B134HDKWT,222
Baddi,A132B147BDDKW,345.79
Baddi,A132B148BDDKW,769.52
Baddi,A132B149BADK,347856.42
Baddi,A132B149HDK,29
Baddi,A132B151BAMDS21003HH02,5199
Baddi,A132B151BAMDWC22002HH04,20063
Baddi,A132B151HDDC22002HH02,36
Baddi,A132B151HDDC22007HH01,43
Baddi,A132B151HDDC22007HH02,43
Baddi,A132B171HMMS22002HH01,34
Baddi,A132B174BADD,28595
Baddi,A132B174BAMD,48444
Baddi,A132B179BADK,23110
Baddi,A132B179HDK,115
Baddi,A132B192HDK,188
Baddi,A132B195BAMCWC53001HH01,3636
Baddi,A132B195BAMCWC56001HH03,140
Baddi,A132B195BAMCWC56003HH01,2981
Baddi,A132B203HMKW,52
Baddi,A132B216HDD,49
Baddi,A132B217HDD,40
Baddi,A132B218HDD,49
Baddi,A132B219HDD,49
Baddi,A132B220HDD,48
Baddi,A132B224OSPP,492
Baddi,A132B232HMCW,274
Baddi,A132B234HMCW,63
Baddi,A1400006HMC1,67
Baddi,A1400058BAMMBN,68
Baddi,A1400058BAMMBN2,1211
Baddi,A1400058BAMMN,4485
Baddi,A1400086BADD,15544
Baddi,A1400086BADDW,47961
Baddi,A1400086HDDW,75
Baddi,A1400090BAMM,524
Baddi,A1400090BAMMS,0
Baddi,A1400160BAMMSWC22004HH01,198
Baddi,A1400160BAMMSWC33005HH01,53
Baddi,A1400160BAMMSWC55002HH01,2902
Baddi,A1400160BAMMSWC66001HH04,96
Baddi,A1400160BAMMSWF21001HH03,625
Baddi,A1400160BAMMSWS31005HH01,256
Baddi,A1400160BAMMWC33018HH01,2185
Baddi,A1400160BAMMWS21008HH01,256
Baddi,A1400160BAMMWS31010HH01,408
Baddi,A1400160BAMMWS31011HH01,27
Baddi,A1400160BAMMWW11001RR07,923
Baddi,A1400160BLMMSWF21001HH09,149
Baddi,A1400160BLMMWC55018HH01,120
Baddi,A1400160HMMW11001RR11,76
Baddi,A1400161LLMM2C44003HH01,583
Baddi,A1400220HMMW11001RR16,62
Baddi,A1400232BAMM,2370
Baddi,A1400347BACCQOF21001DV08,233
Baddi,A1400347BACCQOF21001DV13,61
Baddi,A1400440BAMMA2C22001HH03,40
Baddi,A1400440BAMMA2C22007HH01,17
Baddi,A1400440BAMMA2C33012HH01,1245
Baddi,A1400440BAMMAC33075HH01,49
Baddi,A1400440BAMMAC33088HH02,64
Baddi,A1400440BLMMA2C22001HH04,536
Baddi,A1400440BLMMA2C22008HH02,24
Baddi,A1400440BLMMA2C33001HH01,506
Baddi,A1400440BLMMA2C33007HH01,518
Baddi,A1400440BLMMAC22046HH01,68
Baddi,A1400440BLMMAC44081HH02,28
Baddi,A1400440BLMMAC55020HH01,54
Baddi,A1400440LLMMA2C22001HH01,669
Baddi,A1400440LLMMA2C33011HH02,170
Baddi,A1400440LLMMAC22029HH01,35
Baddi,A1400440LLMMAC22055HH01,24
Baddi,A1400440LLMMAC44088HH01,82
Baddi,A140A533BADD,2315
Baddi,A140A533OSDD,1684
Baddi,A140A589BAMCSW11001HH25,338
Baddi,A140A589BAMKBW,0
Baddi,A140A606BAMM,4253
Baddi,A140A622BADV,22157
Baddi,A140A718BAMC,363
Baddi,A140A728BAMMBA,3521
Baddi,A140A728BAMMDA,1526
Baddi,A140A728HMM1,26
Baddi,A140A747BADD,38
Baddi,A140A747BADDA,5418
Baddi,A140A762BAMK,23064
Baddi,A140A783BAMCOWW11001HH36,4957
Baddi,A140A822BAMKS,0
Baddi,A140A865BAMC,20779
Baddi,A140A865BAMCSW11001HH56,157
Baddi,A140A865BAMKB2,4374
Baddi,A140A999BAMCBW,4309
Baddi,A140A999BAMCW,1298
Baddi,A140B001BAMCBW,8709
Baddi,A140B001BAMCBW3,5444
Baddi,A140B044HDD,21
Baddi,A140B127HMCNS12001DD01,44
Baddi,A140B211BAMKWA4,277
Baddi,A140B330LXKK,16306.01
Baddi,A140B407BLMMSS31002HH02,1422
Baddi,A140B407LLMMSS21001HH02,71
Baddi,A140B407LLMMSS21002HH01,120
Baddi,A140B407LLMMSS31001HH01,1434
Baddi,A140B407LLMMSS31001HH02,81
Baddi,A140B417BAMK,7251
Baddi,A140B593HCCS,40
Baddi,A140B631BADV,14160
Baddi,A140B631HDV,51
Baddi,A140B631OSPPR,5316
Baddi,A140B701BAMFA,648
Baddi,A140B701BAMFT,247
Baddi,A140B701BAMFT1,95
Baddi,A140B701BDMF,664
Baddi,A140B713BAMCSS14001DD01,4724
Baddi,A140B739BAMOSW11001HH15,1502
Baddi,A140B739BLMOSC44001HH02,2237
Baddi,A140B739HMO2,122
Baddi,A140B739LLMOSW11001HH12,922
Baddi,A140B739LLMOSW11001HH13,1080
Baddi,A140B739LLMOSW11001HH16,3304
Baddi,A140B826BAMCW,8493
Baddi,A140B826BAMCW4,289
Baddi,A140B826BAMCWA2,313
Baddi,A140B826BAMCWA24,942
Baddi,A140B844BAKKBW,360
Baddi,A140B927BAMMBN,12021
Baddi,A140B927BAMMN,4101
Baddi,A140B959BAMMSS21008HH01,870
Baddi,A140B959BAMMSS21008HH02,549
Baddi,A140B970BAMM,377
Baddi,A140B970BAMMA,606
Baddi,A140B970BDMMD,553.4
Baddi,A140C015BAMC,244
Baddi,A140C093BAMMSS21008HH01,4430
Baddi,A140C093BAMMSS31002HH01,3984
Baddi,A140C093BLMMSC33012HH01,4389
Baddi,A140C096BADD,886
Baddi,A140C096BAMM,79822.7
Baddi,A140C096BAMMB,1155
Baddi,A140C130BACCB,12047
Baddi,A140C143BAMKB,4438
Baddi,A140C147HDDR,1335
Baddi,A140C205HMMS1,150
Baddi,A140C217BADDR,7536
Baddi,A140C217OSPP,413
Baddi,A140C219BAMMO,90
Baddi,A140C234HDD12WC22002DD01,36
Baddi,A140C258HMMC33004HH01,15
Baddi,A140C298BAMMW11001RR01,172
Baddi,A140C444BAMFBW,9510
Baddi,A140C444HMFNW,67
Baddi,A140C479BAMMBW,133092.2
Baddi,A140C488BAMD,224
Baddi,A140C505BADDR,5327
Baddi,A140C533BDMM,5593.1
Baddi,A140C537BDMM,15292
Baddi,A140C538BDMM,4373.81
Baddi,A140C562BAMMBW,13613
Baddi,A140C591BLMMSW11001HH02,53
Baddi,A140C591BLMMSW11001HH05,138
Baddi,A140C591BLMMSW11001HH06,172
Baddi,A140C591LLMMSW11001HH09,209
Baddi,A140C591LLMMSW11001HH10,93
Baddi,A140C591LLMMSW11001HH11,158
Baddi,A140C591LLMMSW11001HH12,129
Baddi,A140C591LLMMSW11001HH13,156
Baddi,A140C716BAMCSC33001HH02,1942
Baddi,A140C716BAMCSW11001HH06,4715
Baddi,A140C781BAMFB,3161
Baddi,A140C823HKKS,27
Baddi,A140C836BAMOCW,219
Baddi,A140C952BAMFWZ,11938
Baddi,A140C972BDMCW4,70
Baddi,A140D043HMCS,136
Baddi,A140D077BADDC22001HH01,75
Baddi,A140D077BADDC55002HH01,89
Baddi,A140D077BAMMSS21004HH01,576
Baddi,A140D080BAMMBW,6116
Baddi,A140D080BAMMW,7115
Baddi,A140D080HMMQ1,25
Baddi,A140D090HCCSW,23
Baddi,A140D144LLMMS21002HH01,18
Baddi,A140D199LLMMC44001HH02,44
Baddi,A140D283BAMCBN,210
Baddi,A140D283BAMCCN,18262.12
Baddi,A140D377BADDW,2072
Baddi,A140D399BLMMSF22001HH02,80
Baddi,A140D424HMMF21001HH02,22
Baddi,A140D447HCC,96
Baddi,A140D454BAMM,1372
Baddi,A140D538BAMC,2556
Baddi,A140D579HMF,55
Baddi,A140D589BAMK,1923
Baddi,A140D605BAPFNWC44003NDR01,68
Baddi,A140D605BAPFNWW11001NDR01,153
Baddi,A140D609HPFNQC43002NDR01,50
Baddi,A140D627BAMMBW,25997
Baddi,A140D635BLMF2C33003DH01,54444
Baddi,A140D635BLMF2C44002DH01,54157
Baddi,A140D635BLMFC22003DH01,546
Baddi,A140D635BLMFC33006DH03,657
Baddi,A140D635BLMFC33008DH01,729
Baddi,A140D635BLMFSC33002DH01,1914
Baddi,A140D635BLMFSS21001DH01,200
Baddi,A140D635BLMFSS21001DH03,546
Baddi,A140D635HMFC44002DH02,76
Baddi,A140D660BAMFBN,3664
Baddi,A140D660BAMFDQN,1001
Baddi,A140D660BAMFZQN,4666
Baddi,A140D660BAMFZQN2,25239.01
Baddi,A140D660BAMFZQN3,4104
Baddi,A140D663BAMFBN,116
Baddi,A140D663BAMFBQN,191
Baddi,A140D663BAMFZQN,9417
Baddi,A140D676BAMC,246
Baddi,A140D693HMM,196
Baddi,A140D698BAMFZN,631
Baddi,A140D698HMFNQ,67
Baddi,A140D699BAMFBWQN,888
Baddi,A140D699BAMFDWQN,1817
Baddi,A140D699BAMFDWQN2,2836
Baddi,A140D699BAMFWQN,3767
Baddi,A140D699BAMFZWQN,26
Baddi,A140D699BAMFZWQN2,23621
Baddi,A140D699BAMFZWQN3,156581.76
Baddi,A140D705BAMFB,1666
Baddi,A140D705HMF2,31
Baddi,A140D722BAMFZWN,2812
Baddi,A140D740BAMCSWW11001HH04,728
Baddi,A140D740BAMCWW11001HH02,3785
Baddi,A140D740BAMCWW11001HH03,21
Baddi,A140D740BAMKB,8916
Baddi,A140D740BAMKBW,290
Baddi,A140D753HMFW,124
Baddi,A140D761BAMFW,7373
Baddi,A140D777BAMFDN,779
Baddi,A140D777HMFN1,36
Baddi,A140D785BAMFZN,3876
Baddi,A140D787BAMMB3,91
Baddi,A140D805BLMMSWC55001HH02,46
Baddi,A140D805HMM,265
Baddi,A140D810HMF,77
Baddi,A140D828BAMMB,75
Baddi,A140D895HMFTS41001DH01,116
Baddi,A140D926BAMC,5932
Baddi,A140D939BAMFBQN,278
Baddi,A140D939BAMFQN,2512
Baddi,A140D939BAMFZQN,1752
Baddi,A140D939BAMFZQNA2,1698
Baddi,A140D939BAMFZQNA3,58646.63
Baddi,A140D949BAMK,630
Baddi,A140D964HMMS21002HH01,56
Baddi,A140D975HMMSTC54001HH01,125
Baddi,A140E035BAMMSC24007HH03,59
Baddi,A140E035BAMMSC36002HH02,183
Baddi,A140E035BAMMSC36003HH02,42
Baddi,A140E035BAMMSC48001HH06,2201
Baddi,A140E035BAMMSF22001HH03,2266
Baddi,A140E042BADD,5685
Baddi,A140E042BAMMB,5738
Baddi,A140E047BAMCW,242
Baddi,A140E047HMCW,27
Baddi,A140E055BAMD,674
Baddi,A140E055HMD,208
Baddi,A140E055HMK,489
Baddi,A140E060BAMMC23001HH04,785
Baddi,A140E060BAMMC34001HH04,1053
Baddi,A140E061BAMM,379
Baddi,A140E062BAMM,201
Baddi,A140E075BAMMSC33005HH01,118
Baddi,A140E075BAMMSC33006HH01,167
Baddi,A140E075HMMC33004HH04,43
Baddi,A140E111BAMKB2,1948
Baddi,A140E111BAMKB3,2603
Baddi,A140E116BAMM,2422
Baddi,A140E117HMMC33001HH01,74
Baddi,A140E120HCCW,63
Baddi,A140E122BAMM,180
Baddi,A140E129BAMMSC24001HH02,138
Baddi,A140E129BAMMSC36001HH05,5415
Baddi,A140E129BAMMSF22001HH11,296
Baddi,A140E129BAMMSF22001HH12,8201
Baddi,A140E142HMM,262
Baddi,A140E143BAMMBT,135
Baddi,A140E144HMMQT,283
Baddi,A140E151BAMMSS21001HH01,1149
Baddi,A140E188BAMKW11001DH01,14122
Baddi,A140E188BAMKW11001DH02,3046
Baddi,A140E188BAMKW11001DH06,7881
Baddi,A140E203HMM12W,69
Baddi,A140E230BAMCSC22001HH01,3490
Baddi,A140E230BAMCSC22001HH03,2054
Baddi,A140E248BLMCW11001HH01,4002
Baddi,A140E264HMK12WC55001DH01,36
Baddi,A140E274HMMT,48
Baddi,A140E279HMK12WS21001HH01,35
Baddi,A140E337BAMKWO,207
Baddi,A140E339HMDR12W,49
Baddi,A140E342SALECXX001HH01,650
Baddi,A140E350HMC,25
Baddi,A140E351HMMW11001RR01,37
Baddi,A140E351HMMW11001RR02,90
Baddi,A140E352HMM,13
Baddi,A140E373BAMC,427
Baddi,A140E377HMMC22001DH02,40
Baddi,A140E378BAMM,342
Baddi,A140E381HMM12WC77001HH01,36
Baddi,A140E390HMM12WC77001HH01,29
Baddi,A140E432HMFNSW11001DH01,29
Baddi,A140E490HMC12SS62001HH01,37
Baddi,A140E505HMCW,33
Baddi,A140E520HMM12SS61001HH01,38
Baddi,A140E523HMCQF21001DH01,36
Baddi,A140E523HMCQS21001DH01,34
Baddi,A140E529HMM12SS71001HH01,37
Baddi,A140E559HMC,51
Baddi,A140E562HMM,57
Baddi,A140E563HMFTS41001DH01,104
Baddi,A142A007BACCS21001DH02,2627
Baddi,A142A007BACCS21001DH03,426
Baddi,A142A007BACCS21002DH01,156
Baddi,A142A007BACCS21002DH02,729
Baddi,A142A033BACCB2,3047
Baddi,A142A033BAMMB,339
Baddi,A1450024BAMMC33001DH01,718
Baddi,A145A077BACCFS31001DH01,217
Baddi,A145A132BAMMS21001DH01,2465
Baddi,A145A164OSPP,123
Baddi,A145A223HMCNC22001NDR01,151
Baddi,A145A233BACC,121
Baddi,A145A249BAMCNC22001NDR01,376
Baddi,A145A253BAMMC22001DH03,102
Baddi,A145A254BDMMB,165
Baddi,A145A279BAMCWN,4245
Baddi,A145A279HCCR,72
Baddi,A145A286HMMN,303
Baddi,A145A321BACCNQA,10840
Baddi,A145A321BACCZNQ,4847
Baddi,A145A325BACCBQN,253
Baddi,A145A329BAMMQS21001DH04,64
Baddi,A145A329HVVQW11001DH01,38
Baddi,A145A377BAMMB,142
Baddi,A145A379BAMMOQC44004DH01,430
Baddi,A145A379BAMMOQC55002DH01,21
Baddi,A145A379BAMMOQW11001DH06,541
Baddi,A145A379BAMMQC44004DH03,155
Baddi,A145A379BAMMQC55002DH02,79
Baddi,A145A381HDDR,128
Baddi,A145A381OSPPR,6887
Baddi,A145A387BACCZN,3575
Baddi,A145A387HCCN,500
Baddi,A145A388BACCBQN,325
Baddi,A145A409HDC,16
Baddi,A145A432HMM12SC65001DH01,35
Baddi,A1500015BAMM,33198.01
Baddi,A1500153HMKW11001HH25,13
Baddi,A1500219BAMCBW,540
Baddi,A1500219BAMCBW3,2368
Baddi,A1500219BAMCBWOA,19819
Baddi,A1500219BAMCBWOT,856
Baddi,A1500368BAMM,577
Baddi,A150A485BAMMB,6104
Baddi,A150A567BAMM,3015
Baddi,A150A567BAMMB2,130
Baddi,A150A567BAMMD,0
Baddi,A150A567BAMMS,0
Baddi,A150A731BAMFB2,811
Baddi,A150A817BAMKN,946
Baddi,A150A972BAMCB,323
Baddi,A150B065BAMKS,722
Baddi,A150B334BAMO,12846
Baddi,A150B433BAMMW11001HH03,64
Baddi,A150B437BAMMN,148
Baddi,A150B437BAMMZN,64
Baddi,A150B437HMM,17
Baddi,A150B472BAMMF21001HH16,66
Baddi,A150B472BAMMF21001HH17,61
Baddi,A150B472BAMMF21001HH19,196
Baddi,A150B472BAMMF21001HH20,91
Baddi,A150B472BLMMF21001HH18,180
Baddi,A150B472LLMMF21001HH13,175
Baddi,A150B472LLMMF21001HH15,75
Baddi,A150B489BAMMB,2056
Baddi,A150B589BAMCB,439
Baddi,A150B589BAMCO,126
Baddi,A150B589HMC,66
Baddi,A150B591HMM9WF22001HH01,38
Baddi,A150B592BLMMAC33008HH01,160
Baddi,A150B592BLMMAC55001HH01,495
Baddi,A150B593BAMMBA,7402
Baddi,A150B601HMM,77
Baddi,A150B614BAMFB,148
Baddi,A150B876BAMMB,127
Baddi,A150B876BAMMD,558
Baddi,A150B981BAMFW11001GH02,395
Baddi,A150B986BAMMBN2,1769
Baddi,A150B987BAMMBN,2442
Baddi,A150B987BAMMN,246
Baddi,A150C034BAMMB3,44
Baddi,A150C034BAMMSW11001HH03,71
Baddi,A150C034BAMMW11001HH08,66
Baddi,A150C034BAMMW11001HH09,65
Baddi,A150C061BAMC,139
Baddi,A150C105LLMMSW11001HH01,230
Baddi,A150C105LLMMSW11001HH02,206
Baddi,A150C105LLMMSW11001HH03,172
Baddi,A150C105LLMMSW11001HH04,236
Baddi,A150C105LLMMSW11001HH05,168
Baddi,A150C105LLMMSW11001HH06,101
Baddi,A150C127BAMCNF21001HH01,93
Baddi,A150C127BAMCNS21006HH01,17
Baddi,A150C248HMMS,109
Baddi,A150C295BLMMC44001HH01,468
Baddi,A150C303HMC,50
Baddi,A150C308BAMMSC22004HH01,76
Baddi,A150C308BLMMSC33001HH01,148
Baddi,A150C335BAMMC44001HH01,144
Baddi,A150C344BAMKO,429
Baddi,A150C399BAMMBN,113
Baddi,A150C494BAMCB2,180
Baddi,A150C532BAMMB,8616
Baddi,A150C539BLMMSC44002HH01,52
Baddi,A150C557HMMS31004HH01,23
Baddi,A150C833BAMMNW11001HH07,51
Baddi,A150C833BLMMNW11001HH02,348
Baddi,A150C833HMM,62
Baddi,A150C833LLMMNW11001HH01,186
Baddi,A150C833LLMMNWC22002HH02,48
Baddi,A150C857HMM,505
Baddi,A150C863BAMMBN,473
Baddi,A150C868BAMM,77
Baddi,A150C873BAMFBW,6768
Baddi,A150C873BAMFBW3,2241
Baddi,A150C873BAMFDW,8187
Baddi,A150C873BAMFZW,302
Baddi,A150C873BAMFZW2,52
Baddi,A150C873BAMFZW3,1346
Baddi,A150C873BAMFZW5,202
Baddi,A150C881HCCS,60
Baddi,A150C889BAMM,2293
Baddi,A150C905HMM12WS21001GR02,36
Baddi,A150C944BAMC,2203
Baddi,A150C944BAMCO,107
Baddi,A150C967HCCSW,22
Baddi,A150C971BAMFOWN,4963
Baddi,A150C974BAMM,3804
Baddi,A150C974HMM,164
Baddi,A150C974HMM1,20
Baddi,A150C986BAMM,38835
Baddi,A150D030BAMD,63
Baddi,A150D047BLPPNS12001HH01,71
Baddi,A150D064BLMMNF12001HH02,118
Baddi,A150D064LLMMNF12001HH04,292
Baddi,A150D067BAMCWN,4862
Baddi,A150D079BAMMNS12001HH02,193
Baddi,A150D080BAMMBN,414
Baddi,A150D131BAMMNC22001HH02,74
Baddi,A150D147HCCW,59
Baddi,A150D148BAMM,1597
Baddi,A150D158HMCWT,156
Baddi,A150D159BAMMBW,200
Baddi,A150D159HMM1,32
Baddi,A150D179HMMTS14001HH01,33
Baddi,A150D180BAMM,5319
Baddi,A150D181HDDST,198
Baddi,A150D189BAMMW11001HH02,686
Baddi,A150D189BAMMW11001HH03,282
Baddi,A150D199HCCW,138
Baddi,A150D206BAMMB,567
Baddi,A150D218BAMM,263
Baddi,A150D221BAMMC24001HH01,3235
Baddi,A150D231BAMMC24001HH01,3977
Baddi,A150D236HMMSM1001HH01,123
Baddi,A150D241HMMT,150
Baddi,A150D243BAMM,25463
Baddi,A150D248HMFT,21
Baddi,A150D249BLMMC44001HH01,459
Baddi,A150D249LLMMC44001HH02,608
Baddi,A150D252HMMN,71
Baddi,A150D266HMMNS13001HH02,36
Baddi,A150D337HMCW,65
Baddi,A150D343HMM,91
Baddi,A150D345HMM,54
Baddi,A150D346HCC12W,35
Baddi,A1600160BAMMC44002HH01,828
Baddi,A1600183BAMMF21001HH12,1872
Baddi,A1600187BAMMZ,360
Baddi,A1600279LXDD,126
Baddi,A1600279OSMM,5984
Baddi,A160A390BAMC,0
Baddi,A160A390BAMCC,2208
Baddi,A160A416BADD,6689
Baddi,A160A432BAMMB2,288
Baddi,A160A432BAMMW11001HH03,6014
Baddi,A160A433BAMO,258
Baddi,A160A483BAMMNW11001RR01,468
Baddi,A160A483BAMMNW11001RR02,25
Baddi,A160A643BAMMC44004HH01,2442
Baddi,A160A643BAMMC44004HH02,4352
Baddi,A160A643HMM,38
Baddi,A160A665OSPP,375
Baddi,A160A702HMM,17
Baddi,A160A734HMC,37
Baddi,A160A742BADDA,2027
Baddi,A160A742BADDR,10053.3
Baddi,A160A751BADD,3267
Baddi,A160A866BAMMB,2420
Baddi,A160A878HCCS,32
Baddi,A160A884BAMK,1871
Baddi,A160A889BADD,66
Baddi,A160B052BAMMSW12001HH07,77
Baddi,A160B064BAMMB,1049
Baddi,A160B064BAMMB2,14827
Baddi,A160B137BAMOD,23919
Baddi,A160B150BAMMC44004HH02,105
Baddi,A160B214BAMMB,2400
Baddi,A160B232HMM,121
Baddi,A160B260BADD,490
Baddi,A160B294BAMMC22003HH02,313
Baddi,A160B335BADDR,17699
Baddi,A160B337BAMM,182
Baddi,A160B442BAMCBWN,1185
Baddi,A160B454LXDD,160
Baddi,A160B457BADDRT,5296
Baddi,A160B486SALEF21001DH01,212
Baddi,A160B497BAMMB,4139
Baddi,A160B510BAMCBN,497
Baddi,A160B522BADD,26722.7
Baddi,A160B535BAMMBN,647
Baddi,A160B540HMM,179
Baddi,A160B547HDCT,59
Baddi,A160B551BAMCB,81
Baddi,A160B551BAMCBW,199
Baddi,A160B553BAMM,2654
Baddi,A160B564BAMMS21002HH04,63
Baddi,A160B604BAMC,94
Baddi,A160B605OSPP,200.8
Baddi,A160B610BAMM,160
Baddi,A160B629HMMNO,49
Baddi,A160B632BAMC,9461
Baddi,A160B655HMFWW21001DH01,125
Baddi,A160B682HCCTS16001HH01,63
Baddi,A160B684BAMMW11001RR02,64
Baddi,A160B686HMMN,40
Baddi,A160B696HMMT,205
Baddi,A160B697HMMT,229
Baddi,A160B703HMM,280
Baddi,A160B712HMMTW11001HH01,80
Baddi,A160B713HMMC22001TT01,45
Baddi,A160B720HMMT,220
Baddi,A160B723HMM,21
Baddi,A160B726HDCS,53
Baddi,A160B738BAMMN,355
Baddi,A160B753HMM12WW11001HH01,104
Baddi,A160B763BAMMS21001HH02,876
Baddi,A160B766HDFR12WS51001DH01,36
Baddi,A160B774BAMMC,1495
Baddi,A160B788BAMDB,3758
Baddi,A160B789HMMSW11001HH01,56
Baddi,A160B802HCCN,57
Baddi,A160B803HMMW11001HH01,69
Baddi,A160B803HMMW11001HH02,70
Baddi,A160B810HCCN,37
Baddi,A160B819HMDR12SC33001HH01,40
Baddi,A160B823HMF,51
Baddi,A170A035BAMMO,190
Baddi,A170A181BAMMF22001HH03,71
Baddi,A1800011LXMMAC22017HH01,210
Baddi,A1800011LXMMAC44001HH01,16853
Baddi,A180A084LXMMB,12239
Baddi,A180A149BAMCO,28938
Baddi,A180A177BAMM,12816
Baddi,A180A177LXMMW11001HH02,418
Baddi,A180A203LXMMB,3091
Baddi,A180A212BAMCBN,1751
Baddi,A180A230HMM,21
Baddi,A180A303HMP,41
Baddi,A180A333BAMMW12001HH01,183
Baddi,A180A335BAMD,3854
Baddi,A180A335BAMD2,129
Baddi,A180A364BAFMW11001DH02,53
Baddi,A180A370HMM,255
Baddi,A1A0A024HPPT,94
Baddi,A1F0A007BAFMBW,506
Baddi,A1F0A007BAFMWW11001DH08,584
Baddi,A220A030BACO,0
Baddi,A220A052BDKO,6742
Baddi,A220A073BACOB,10781
Baddi,A220A090BAKKC33002HH01,674
Baddi,A230A048BACF,0
Baddi,A230A224BALD,1118
Baddi,A230A243HKFST,291
Baddi,A235A010BAMMB,170102.25
Baddi,A235A010BAMMB2,239359.05
Baddi,A235A010HMMQT,182
Baddi,A235A019HMM,84
Baddi,A235A020HMM,61
Baddi,A236A019HKKW11001FD03,83
Baddi,A236A019HKKW11001FD04,85
Baddi,A236A020HKKW11001FD03,131
Baddi,A236A020HKKW11001FD04,84
Baddi,A236A023HMK12S,60
Baddi,A236A024HMK12S,41
Baddi,A240A281LLMMNC22001HH03,171
Baddi,A240A289HMO,43
Baddi,A240A393BAMCF21001HH02,455
Baddi,A240A393BAMCF21001HH05,955
Baddi,A240A393BAMCF21001HH11,1016
Baddi,A240A436BAMKW,14892
Baddi,A240A436BAMKW4,1838
Baddi,A240A709OSPP,15019
Baddi,A240A717BAKVR,1008
Baddi,A240A785OSPPHJ,2367
Baddi,A240A789BARRRC22002HH01,159
Baddi,A240A789BARRRC22002HH03,1549
Baddi,A240A814BAMMC22001HH02,113
Baddi,A240A814BAMMC22001HH03,120
Baddi,A240A824BAMMNW11001HH01,81
Baddi,A240A824LLMMNW11001HH02,85
Baddi,A240A850HRRRW11001HH05,36
Baddi,A250A124BDMK,248
Baddi,A250A127BAMCDN,4039
Baddi,A260A198BAEMB,5351
Baddi,A260A250BAMK,110
Baddi,A260A259BAMCBWN2,4523
Baddi,A260A267BAEEB,7259
Baddi,A260A267BAEMB,4627
Baddi,A260A292BAMKWN4,839
Baddi,A260A352HMMT,207
Baddi,A260A383BAMDC22001HH02,66
Baddi,A260A385HEF,65
Baddi,A260A385HMF,82
Baddi,A260A387HECW,58
Baddi,A280A137BAMM,4433
Baddi,A280A297HMM,69
Baddi,A280A354BAMCBWN,4556
Baddi,A280A355BAMM,249
Baddi,A280A851BAEFBWA,47993
Baddi,A280A851BAEFW,153.66
Baddi,A280A851BAEFWA,320
Baddi,A280A921HMFWT,269
Baddi,A280A925HMFWT,287
Baddi,A280A926HMFT,329
Baddi,A280A944BAMCNC22001HH02,298
Baddi,A280A953HMMN,58
Baddi,A280A973BAMPNS21001HH02,65
Baddi,A280A974HEFN,40
Baddi,A2A0A111BAMMB,5527
Baddi,A2A0A559HMM,27
Baddi,A2A0A621LXPPNW11001HH01,97
Baddi,A2A0A621LXPPNW11001HH02,2302
Baddi,A2A0A621LXPPNW11001HH03,165
Baddi,A2A0A631BAMMZN,362
Baddi,A2C0A036BAMMZN,354
Baddi,A2C0A073HMM,121
Baddi,A3600002BACC,0
Baddi,A370A004BAMMB,6696
Baddi,A370A009BAMCN,2476
Baddi,A380A009BAMMB,2094
Baddi,A3A0A002BAMMB,10082.28
Baddi,A6E0A004BAEMB,7104
Baddi,A6E0A010BAECNS12001HH01,56
Baddi,A6E0A010BAECNS12001HH02,463
Baddi,A6E0A010BAECNS12001HH04,169
Baddi,A8G0A003BAEC,900
Baddi,C1200121BAOO,0
Baddi,C120M411BACC,5004
Baddi,C1300080BAMMAC55001HH02,221
Baddi,C1300080BLMMAC55001HH01,225
Baddi,C1300135BADKW4,617
Baddi,C130M330BAMCW,0
Baddi,C130M330BAMCW4,225
Baddi,C130M537BAMCW,0
Baddi,C1320015BADKW4,336
Baddi,C1320015BAMKW,970.84
Baddi,C1400021BAMMBW,757
Baddi,C1400021BAMMBW2,9124
Baddi,C1400209BAMK,312
Baddi,C1400277BDMKD,843.93
Baddi,C1400317BAMM,2003
Baddi,C140M503BAMM,11064
Baddi,C140M628BAMMSAC36025HH02,4884
Baddi,C140M628BAMMSAC68001HH04,177
Baddi,C140M628BAMMSAS18002HH03,7627
Baddi,C140M628BLMMSAC57001HH07,2059
Baddi,C140M628BLMMSAC57001HH08,3914
Baddi,C140M628BLMMSAS18002HH02,8162
Baddi,C140M751BAMCSW11001HH133,131
Baddi,C140M751BAMCSW11001HH47,63
Baddi,C140M751BAMKB,222
Baddi,C140M751BAMKB2,290
Baddi,C140M751BAMKBL,151
Baddi,C140M751BAMKL,8382
Baddi,C140M751BAMKS,547
Baddi,C140M751BAMKW,78
Baddi,C1500077BAMMW11001HH05,184
Baddi,C1500254BAMM,13892
Baddi,C150M392BAMCB,2831
Baddi,C1600250BAMO,6226
Baddi,C360M003HMRS,36
Baddi,C6F00001HFFSW1,99
Baddi,MIXPDMCPBA,4655
Baddi,MIXYDMCPBAW00001HH01,4741
Baddi,SURPLUSBAW00001HH01,4289
Budhni,1.2E+57BDOOW,30.2
Budhni,1.2E+73BD,8471.14
Budhni,1.2E+95BDCKD,23819.59
Budhni,10700004BDOO,2205.1
Budhni,10764BD,2216.07
Budhni,10765BD,828.01
Budhni,10765BDOOO,1143.49
Budhni,10766BD,2142.89
Budhni,11000008BDOO,3571.06
Budhni,11000016BDOKB,10442.97
Budhni,11000016BDOKD,577
Budhni,11000016BDOKK,2057.57
Budhni,11000021BDOKKW,30
Budhni,11000022BDOOA,464.02
Budhni,11000034BDOKBW4,2862.35
Budhni,11000034BDOKDW4,1461.63
Budhni,11000040BDOO,0
Budhni,11008BDOO,1517.14
Budhni,110143BD,6981.07
Budhni,110152BD,2253.45
Budhni,110159BD,49067.99
Budhni,110161BDOO,25144.84
Budhni,110162BDOKD,45134.61
Budhni,11100005BDGOODCUT,5011.39
Budhni,11100006BDCUTPIECE,10232.98
Budhni,11200015BDPKDW4,31070.34
Budhni,112106BD,35779.57
Budhni,112109BD,284
Budhni,11258BD,18676.26
Budhni,11258BDOO,1513.01
Budhni,11400023BDOO,2873.63
Budhni,11400034BDOO,6230.94
Budhni,11400037BDKO,34.71
Budhni,11400038BDOK,453.99
Budhni,11403BD,54722.05
Budhni,11403BDKK,3277.88
Budhni,11403BDVV,9937.27
Budhni,114122BD,20828.14
Budhni,11413BDKK,6254.89
Budhni,11600009BDKO,1160.17
Budhni,11600016BDOO,284
Budhni,11600022BDCO,141322.07
Budhni,11600022BDCOF,0
Budhni,11600022BDCOQ,17706.6
Budhni,11600022BDCOQJ,12255.97
Budhni,11600022BDCOQO,2515.34
Budhni,11600066BDCC,43260.68
Budhni,11600069BDCKDW4,1593
Budhni,11600076BDOO,83427.41
Budhni,11600084BDOKD,2911.6
Budhni,11600091BDKKD,0.01
Budhni,11600093BDCCQF,127.33
Budhni,11600109BDOK,8825.78
Budhni,11600109BDOKD,109145.88
Budhni,11600110BAOOJ,200151.04
Budhni,116199BDA,34127.91
Budhni,116199BDKK,44
Budhni,116199BDKKO,2674.39
Budhni,116275BALD,7496
Budhni,116292BD,23
Budhni,116346BD,23616.34
Budhni,116347BD,5782.79
Budhni,116414BD,2000.2
Budhni,116497BDCCA,47568.5
Budhni,11649BD,27477.3
Budhni,116573BD,3818.84
Budhni,116574BD,10867.23
Budhni,116577BDCOF,249
Budhni,116580BDOO,38056.09
Budhni,116590BDOOA,22
Budhni,116616BD,975.38
Budhni,12000020BAOO,79313.65
Budhni,12000072BDOO,6903.14
Budhni,12000084BDOKA,2895.18
Budhni,12000084BDOKD,10744.91
Budhni,12000084MKK,205.56
Budhni,12000126BACCDW,4021
Budhni,12000162BDCKDW4,756.59
Budhni,12000177BDKKD,1659.39
Budhni,12000177BDKKDL,1892.97
Budhni,12000223BDKKA,6713.88
Budhni,12000226BDOKW4,25830.16
Budhni,12000228BDCC,37
Budhni,12000241BAOO,1575.65
Budhni,12000251BDCK,292
Budhni,12000257BDOKDW4,4789.15
Budhni,12000278BDCKW4,2683.52
Budhni,120105BD,345
Budhni,120105BDOE,1447.52
Budhni,120211BDCC,70.51
Budhni,12031BDOE,20216.58
Budhni,12047BAOE,27837.85
Budhni,12047BDKK,572.95
Budhni,120521BDOO,13724.28
Budhni,120766BDCK,34269.21
Budhni,120902BD,7881.91
Budhni,12091BDOE,2545.59
Budhni,12091BDOOJ,68
Budhni,120988BD,176.45
Budhni,120A32BD,40581.9
Budhni,120A33BD,17644.65
Budhni,120A37BD,4110.94
Budhni,120B24BD,4237.94
Budhni,120B27BD,3083.71
Budhni,120C91BD,52607.27
Budhni,120F37BD,7588.58
Budhni,120F76BDOO,10736.59
Budhni,120F76BDOOO,28123.93
Budhni,120G65BD,795.53
Budhni,120H19BDOKD,34770.29
Budhni,120H25BDOG,24330.61
Budhni,120H73BD,51
Budhni,120H73MKK,48.53
Budhni,120H89BDKKDW4,2106
Budhni,120H99BDOKD,128.38
Budhni,120H99BDOKDL,33528.22
Budhni,120I09BDOKD,1839.78
Budhni,120I12BD,4295.78
Budhni,12400011BDPP,1214.32
Budhni,12400011OSKK,5899
Budhni,12400013BDCO,27390.09
Budhni,12400017MOKQT,56.45
Budhni,12400019BAOKW4,20662.59
Budhni,12400019BDKK,160
Budhni,12400019BDKKD4,8656.32
Budhni,12400019BDOKD4,0.01
Budhni,12400019BDOKDW4,325515.21
Budhni,12400030OSPP,5497
Budhni,124142BDDO,240
Budhni,124142BDOO,1997.4
Budhni,12600006BDCOQ,15046.41
Budhni,12600006BDCOQO,837.13
Budhni,12600007BDCC,5089.76
Budhni,12600009BDCCQJ,1348
Budhni,12602BD,100437.82
Budhni,12602BDCCU,5
Budhni,12605BD,37069.52
Budhni,12606BD,223097.36
Budhni,12607BD,18039.88
Budhni,12607BDCC2,164
Budhni,12607BDCCQJ,3629.76
Budhni,12621BD,22258.41
Budhni,13000024BDMCD,1596.41
Budhni,13000030MKC,60
Budhni,13000035BDCOD,25939.35
Budhni,13000088BDCC,235
Budhni,13000116BAMFW,100
Budhni,13000129BDDD,5452.44
Budhni,13000136BDDKD,1355.61
Budhni,13000183BAMKW4,395
Budhni,13000192BDKCD,56746.43
Budhni,13000221BDMCDW4,1862.94
Budhni,13000244BDDK,1273.75
Budhni,13000278MMK,14.81
Budhni,13000331BAMM,5943.83
Budhni,13000350BDDC,115
Budhni,13000350BDDCD,3925.92
Budhni,13000360BDCCB,12557.67
Budhni,13000377BDDD,8479.63
Budhni,13000401BDMKD,97.41
Budhni,13000407BDDDB,5763.08
Budhni,13000424BDDD,2000.44
Budhni,13000424BDDDVJ,213835.5
Budhni,13000462BDDO,46291.88
Budhni,13000480BDDKDWLO4,17775.96
Budhni,13000483BDDOO,4586.96
Budhni,13000485BDMKDW4,5254.51
Budhni,13000492BDDK,55
Budhni,13000499BDDKDW4,2208.23
Budhni,13000505BDMK,694
Budhni,130104BDCC,39839.96
Budhni,130129BD,48789.63
Budhni,130129BDDD,15599.28
Budhni,130175MDO,21
Budhni,130176BA,14194.72
Budhni,130176BDCM,143.58
Budhni,130176BDDD,42545.89
Budhni,130218BA,125369.71
Budhni,130218BD,177750.6
Budhni,130301BA,196.73
Budhni,130301BD,22111.46
Budhni,13049BA,30571.1
Budhni,13049BD,14959.52
Budhni,13049BDMM,6845.15
Budhni,130542BDCO,9731.82
Budhni,130542BDMM,272.54
Budhni,130630BD,20141.04
Budhni,130643BD,6660.31
Budhni,130C56BAMCDW4,39705.59
Budhni,130C56BDMCD,34689.92
Budhni,130D07BD,32908.43
Budhni,130D07BDMK,16263.32
Budhni,130D07BDMMO,0.01
Budhni,130F71BD,26787.37
Budhni,130G92BDMCD,3845.76
Budhni,130J13BDDK,148.47
Budhni,130J13BDDKD,8073.48
Budhni,130K00BDDKD,29341
Budhni,130L58BD,7444.48
Budhni,130M23BD,5827.88
Budhni,130M90BAMM,27214.99
Budhni,130M90BD,2482.82
Budhni,130M90BDCC,5173.78
Budhni,130M90BDDD,28144.28
Budhni,130M90BDMMB,411.26
Budhni,130N26BDMCD,8967.08
Budhni,130N33BDDO,2177.38
Budhni,130N36BDKKD,209.26
Budhni,130N60BD,1124.29
Budhni,130P64MDK,280
Budhni,130P79BD,7236.84
Budhni,130Q00BDDKD,19559.64
Budhni,130Q01BDMO,8257.46
Budhni,130Q28BD,53.8
Budhni,130Q28BDCCD,4144.71
Budhni,130Q28BDKCD,17434.57
Budhni,13200042BDMO,11022.9
Budhni,13200045BADDW,231.21
Budhni,13200045BAKKW,65486.99
Budhni,13200045MDDW,95
Budhni,13200046BADK,72676.38
Budhni,13209BD,35347.45
Budhni,132169BDDCD,7470.06
Budhni,132187BD,2390.13
Budhni,132187MMO,53
Budhni,132194BDMCD,2058.41
Budhni,132194BDMCDO,26737.84
Budhni,132294BDDK,2633.36
Budhni,132294BDDKD,16618.46
Budhni,132294BDDKDW4,34942.56
Budhni,132294BDDKDWO4,49434.96
Budhni,132294BDDKDWX4,152.13
Budhni,132294BDDKWX4,16551.74
Budhni,132294OSPPW,166
Budhni,132327BDDK,3253.31
Budhni,132340BDDK,524.32
Budhni,132340BDDKD,30520.87
Budhni,13254BD,11389.44
Budhni,13257BDDK,272
Budhni,13257BDDKD,59221.6
Budhni,13257BDDKDO,115881.71
Budhni,14000066MMM,12
Budhni,14000159MMM,15.23
Budhni,14000280MMM,28
Budhni,14000297BDMMD,9306.67
Budhni,14000374BDCC,5303.84
Budhni,14000428BDMMD,2987.31
Budhni,14000432BDMCDW4,459.81
Budhni,14000472BDDMS13001DD01,0.01
Budhni,14000500BDMM,10314.66
Budhni,14000510BDMO,17866.29
Budhni,14000574BDMM,7436.69
Budhni,14000579BDMC,5406.78
Budhni,14000581BDMD,28237.36
Budhni,14000636BDMD,14244.77
Budhni,14000641BDMD,47162.78
Budhni,14000642BDDO,131553.97
Budhni,14000645BDMD,90721.36
Budhni,14000646BDMD,122252.49
Budhni,14000680BDMD,87083.94
Budhni,14000748BADDW,81718.96
Budhni,14000780BDMD,89.25
Budhni,14000783BDMD,41413.72
Budhni,14005BAMMB,114
Budhni,14005BDCM,1885.5
Budhni,14005BDMC,134728.13
Budhni,140121BAMMSW11001HH24,97
Budhni,14015BDC,30595.88
Budhni,14015BDCM,44584.64
Budhni,14015BDMD,673020.53
Budhni,14015BDMDJ,115
Budhni,140367BDCM,19307.41
Budhni,140367BDMC,8664.81
Budhni,140371BDMC,175212.79
Budhni,140371BDMCJ,908
Budhni,140371BDMMB,2185.97
Budhni,140891BD,57694.1
Budhni,14095BAMC,17663.47
Budhni,14095BAMCB,271
Budhni,140999BDMC,115
Budhni,140B49BA,50
Budhni,140B49BAB,42.85
Budhni,140D09BDMMB,1181.81
Budhni,140G67BDMKD,18252.13
Budhni,140I21BA,423
Budhni,140I21BD,110358.96
Budhni,140J17BDMKD,49116.49
Budhni,140N18BDMCDW4,4083.4
Budhni,140N57BDMC,146787.03
Budhni,140N57BDMCJ,0
Budhni,140P17BDMD,11715.81
Budhni,140Q85BDMCD,2386.12
Budhni,140T20BD,4889.38
Budhni,140T20BDMMS,31
Budhni,140T79BD,14377.51
Budhni,140U31BDMKD,1507.18
Budhni,140U48BD,6065.79
Budhni,140U49BD,55.6
Budhni,140W87BDMCD,14183.9
Budhni,14226BD,17495.54
Budhni,14500033BDMMBQ,4907.39
Budhni,14500033MMM,51
Budhni,14500063BDMM,11050.28
Budhni,14502BDMC,1762.9
Budhni,14502BDMM,21390.77
Budhni,14595BD,24496.41
Budhni,15000397BDMM,372.01
Budhni,15000694BDMM2,9309.98
Budhni,15000790BDMM2,1923.04
Budhni,15000791BDMM2,0.01
Budhni,150264BD,553
Budhni,150303BAMMJ,256.25
Budhni,150303BD,97210.79
Budhni,150G07BDMKD2,44523.24
Budhni,150K05BAMM1,189
Budhni,16000185BAMM,584
Budhni,16000257BDMMJ2,736
Budhni,16000296BAMMJ2,19279.66
Budhni,160563BD,317.96
Budhni,160625BD,67222.36
Budhni,16072BACM,8059.39
Budhni,1K000001OSPP,100
Budhni,22000001BDKK,993.5
Budhni,22000008BDKK,2269.1
Budhni,22000009BDKK,12881.89
Budhni,23000025BDCKD,6532.29
Budhni,230279BD,12561.72
Budhni,230281BD,23.03
Budhni,24000027BDRO,2448.22
Budhni,240153BDC,19259.38
Budhni,24020BDC,3574.04
Budhni,240358BD,21.3
Budhni,24047BDCO,2009.2
Budhni,240694BDER,2438.19
Budhni,240734BD,7422.32
Budhni,240750BD,70955.63
Budhni,240750BDMO,225
Budhni,240837MCK,24.7
Budhni,6D002BDEMA,770.68
Budhni,A106A002BDOO,1677.32
Budhni,A106A004MOO,57.69
Budhni,A107A123MOOT,42
Budhni,A108A018BDKKO,2419.74
Budhni,A108A048MOO,185.64
Budhni,A108A049MOO,50.41
Budhni,A108A056MOKW,67.35
Budhni,A109A001BDKK,144389.94
Budhni,A1100028BDOO,635.03
Budhni,A1100042BDOKDA,21334.21
Budhni,A110A067BDOO,9072.51
Budhni,A110A109BDKK,240
Budhni,A110A109BDOO,47141.04
Budhni,A110A123BDKK,2159.12
Budhni,A110A181BDOO,6312.1
Budhni,A110A187BDOKDW4,18129.94
Budhni,A110A267BDOO,18769.09
Budhni,A110A273BDOO,1430
Budhni,A110A273BDOOO,3840.35
Budhni,A110A345MOKW1,16
Budhni,A110A368MOKW,8
Budhni,A110A373BDOO,8282.82
Budhni,A110A384MKKW,280
Budhni,A110A385MKKW,316.67
Budhni,A110A401MOO,23
Budhni,A110A406BDKO,3070.6
Budhni,A110A415MOO,20.04
Budhni,A110A417MOKW,64.56
Budhni,A110A423MOOQ,113.41
Budhni,A110A428MOO,211.5
Budhni,A110A453BDOO,952.49
Budhni,A110A469MPCW,116.7
Budhni,A110A472MOO,24
Budhni,A112A032MOKW,117.58
Budhni,A112A149BAOCL,94017.03
Budhni,A112A228MOK,111
Budhni,A112A232MOKW,20
Budhni,A112A336BDOKDW4,1165.56
Budhni,A112A338BDOKDW4,435
Budhni,A112A354BDKC,4107.11
Budhni,A112A373BDOK,5349.17
Budhni,A112A379BAOO,10282.17
Budhni,A112A382MOKW,14.18
Budhni,A114A031BDKK,4294.69
Budhni,A114A038BDKK,104
Budhni,A114A040BDOO,11800.02
Budhni,A114A055BDKK,1205.18
Budhni,A114A062BDKC,1064.85
Budhni,A114A062MKCS1,30
Budhni,A114A066BDKK,14458.98
Budhni,A114A066BDKO,46500.92
Budhni,A114A066BDOO,27870.26
Budhni,A114A075BDCC,2756.84
Budhni,A114A080BDVKODWQ4,1297.66
Budhni,A114A085BDKK,2639.91
Budhni,A114A086BDKK,268
Budhni,A114A105MCC,13.5
Budhni,A114A106MKK,464.49
Budhni,A114A107BDOO,1691.87
Budhni,A114A107MKO,42
Budhni,A114A130BDOO,370.18
Budhni,A1160082BDOO,2155.26
Budhni,A116A135BDOK,0
Budhni,A116A135BDOKD,2585.87
Budhni,A116A158BDOCDWL,1153.34
Budhni,A116A282BDOOA,325
Budhni,A116A322BDOCBWL4,151.83
Budhni,A116A322BDOCWL4,2614.68
Budhni,A116A336BDVKD,4241.67
Budhni,A116A361BDOKBW4,5139.62
Budhni,A116A361BDOKDW4,9025.11
Budhni,A116A393BAOO,293
Budhni,A116A446BDOCDW4,430
Budhni,A116A564BDOO,2072.91
Budhni,A116A583BDCKD,1562.06
Budhni,A116A607MOO,39
Budhni,A116A661BDKCD,378185.82
Budhni,A116A751BDKK,4202.05
Budhni,A116A759MOO,160.78
Budhni,A116A763BDLD,18924.08
Budhni,A116A794BDOO,2420.64
Budhni,A116A817MOO,71.26
Budhni,A116A818BDOO,1871.3
Budhni,A116A828BDOKD,3945.58
Budhni,A116A828MOKS,55.01
Budhni,A116A829BDOO,30501.16
Budhni,A116A840BDCK,2995.4
Budhni,A116A840MKO,16.65
Budhni,A116A843MKK,225
Budhni,A116A846MKK,35
Budhni,A116A870MOKT,10
Budhni,A116A871MOK,158
Budhni,A116A890BDOO,2036.51
Budhni,A116A895BAOO4,4789
Budhni,A116A895BDOOD,2523.48
Budhni,A116A899MOOT,52
Budhni,A116A921MKKW,21.37
Budhni,A116A924BDOKD,1427.23
Budhni,A116A969MOOT,114.83
Budhni,A116A983MOO,114.09
Budhni,A116A986MOO,43.05
Budhni,A116A992BDKKDW4,1225.57
Budhni,A116B012MOK,55.94
Budhni,A120A327MOCW,251.11
Budhni,A120A416BAOCWL4,95
Budhni,A120A420BDVV,2048.24
Budhni,A120A434BDMKDW4,17660.57
Budhni,A120A440BDOKD,14702.56
Budhni,A120A701BDOOO,19174.12
Budhni,A120A767BDKKDW4,16190.8
Budhni,A120A767BDKKDWO4,19466.31
Budhni,A120A767BDOKDW24,833
Budhni,A120A767MKKW,173.67
Budhni,A120B004MOO,160.22
Budhni,A120B122MCK,40
Budhni,A120B197BDCC,1044.16
Budhni,A120B256BDCK,31596.43
Budhni,A120B256BDCKLD,10417.85
Budhni,A120B308BDCC,32807.42
Budhni,A120B308BDVC,2193.8
Budhni,A120B375BDOO,106.47
Budhni,A120B406BDOKDW4,2325.24
Budhni,A120B451BDMKDW4,7099.24
Budhni,A120B455BDCCLD,24.62
Budhni,A120B455BDOCLD,6326.07
Budhni,A120B456BAOO,3774
Budhni,A120B459BDMKDW4,491.47
Budhni,A120B482MCC,114.01
Budhni,A120B495BDCC,2755.37
Budhni,A120B616BDOKDW4,10543.95
Budhni,A120B624MOKS,176
Budhni,A120B667BDOO,6672.05
Budhni,A120B675BDCK,3766.87
Budhni,A120B679BDCC,3025.34
Budhni,A120B703BDOK,1418
Budhni,A120B713BDOO,33.16
Budhni,A120B717BDOO,436.98
Budhni,A120B717BDOOX,11956.47
Budhni,A120B717MOOO,0.01
Budhni,A120B757MCC,20.14
Budhni,A120B848BDCKDWO4,8994.28
Budhni,A120B872BDMKDW4,2006.96
Budhni,A120B876BDOKDW4,2574.63
Budhni,A120B950BDCC,1213.27
Budhni,A120C013BAOD,1541.48
Budhni,A120C034MCO,43
Budhni,A120C054MCKW,20
Budhni,A120C059BDLD,21482.42
Budhni,A120C060BDLD,4536.25
Budhni,A120C061BDCCLD,11635.31
Budhni,A120C063MKK,113.11
Budhni,A120C063MOK,112
Budhni,A120C065BDMKD,3255.91
Budhni,A120C082MOOS,137.13
Budhni,A120C103BDCCLD,1967.03
Budhni,A120C103BDCKLD,2705.95
Budhni,A120C104BDCKLD,4834.77
Budhni,A120C110BDLD,10109.16
Budhni,A120C112BDCOLD,5216.16
Budhni,A120C114BDCOLD,3420.35
Budhni,A120C114BDCVLD2,1447.24
Budhni,A120C116BDOKD,4617.08
Budhni,A120C128MOKW,27
Budhni,A120C155MCC,15
Budhni,A120C220MOK,520.93
Budhni,A120C259MKK,50.15
Budhni,A120C295BDKK,2665.34
Budhni,A120C301MOK,48
Budhni,A120C305MOK,873.7
Budhni,A120C317MOK,166
Budhni,A120C317MOKO,32.71
Budhni,A120C328MMKSW,65.13
Budhni,A120C333MCC,70.34
Budhni,A120C350MMK,84
Budhni,A120C357BDCC,2584.58
Budhni,A120C379BDOKDW4,250
Budhni,A120C392MCC,42
Budhni,A120C422MOKS,44
Budhni,A120C433BDOOO,2142.31
Budhni,A120C437MOKW,57
Budhni,A120C441MKKW,183.55
Budhni,A120C445BDKOA,56138.36
Budhni,A120C445MKO,104.83
Budhni,A120C448BDOOWA,5692.14
Budhni,A120C466MKK,136.16
Budhni,A120C467MCC,85
Budhni,A120C489MCO,81.67
Budhni,A120C526MOKW,34.15
Budhni,A120C563BDLD,3410.97
Budhni,A120C582MOK,57
Budhni,A120C602MDKW,56.25
Budhni,A120C603MOK,219.38
Budhni,A120C619MKK,204
Budhni,A120C648BDOKD,3312.1
Budhni,A120C678BDLD,1681.46
Budhni,A120C679MOO,53
Budhni,A120C708BDCOLD,9579.39
Budhni,A120C708BDCOLDA,5689.99
Budhni,A120C709BDLD,10315.58
Budhni,A120C850MMFQ,16.35
Budhni,A120C855MOO,35.02
Budhni,A120C880BDCC,2870.63
Budhni,A120C898BACOB,9909.08
Budhni,A120C921HCK1,38
Budhni,A120D014MKKW,52
Budhni,A122A030BDKK,72
Budhni,A124A117BAKK,2944
Budhni,A124A208MVV,0
Budhni,A124A296BDKKW4,285
Budhni,A124A304MKK,100
Budhni,A124A459BDOKDW4,3720.36
Budhni,A124A478BDDKDW4,1535.2
Budhni,A124A501MDO,108
Budhni,A124A516MCC,44.25
Budhni,A124A532MOKS,51.1
Budhni,A124A564MDCW,109
Budhni,A124A568MOKW,168
Budhni,A124A569MOKW,37.25
Budhni,A124A570MOKW,316.91
Budhni,A124A584BDKKDW4,1442.23
Budhni,A124A602BDDK,23.45
Budhni,A124A621BDVV,4070.98
Budhni,A124A632MOKW,17.48
Budhni,A124A637MDKS,443.57
Budhni,A124A638MDK,23.06
Budhni,A126A003MCC,57
Budhni,A1300219MKK,137.47
Budhni,A1300226BDMCD,14940.03
Budhni,A130A343OSMM,1288
Budhni,A130A510BDMKD,3989.46
Budhni,A130A780BDMKD,327.23
Budhni,A130A888BDDKD,2958.64
Budhni,A130A954BDMKD,17290.83
Budhni,A130B182MDC,11
Budhni,A130B185BDMCD,2901.88
Budhni,A130B221MMCS,27.14
Budhni,A130B349BDDKD,2746.58
Budhni,A130B523BDCKD,4652.88
Budhni,A130B535BAMKD,1633.74
Budhni,A130B626BDCCDW4,4565.22
Budhni,A130B644BDDO,1514.35
Budhni,A130B712BDMKD,399.48
Budhni,A130B830MMK,155.82
Budhni,A130B900BACCW4,0.01
Budhni,A130B908BDCKDW4,610
Budhni,A130C015BDCCD,11310.04
Budhni,A130C095BDMKW4,1411.06
Budhni,A130C128BDMKD,6489.66
Budhni,A130C139MDD,87.41
Budhni,A130C151BDMKDW4,983.66
Budhni,A130C158MCKS,13.16
Budhni,A130C263MDKW,30.47
Budhni,A130C325MDKW,55.28
Budhni,A130C326BDDKDW4,11871.64
Budhni,A130C389MKC,15
Budhni,A130C445BDMKDWO4,31173.75
Budhni,A130C445MMKW,272
Budhni,A130C455BDMKDW4,932
Budhni,A130C455BDMKW4,162
Budhni,A130C458BDDKD,3497.92
Budhni,A130C460BDCC,0
Budhni,A130C510MDKSW,16
Budhni,A130C563BDDK,92.71
Budhni,A130C594BDCCW4,5125.88
Budhni,A130C679MMO,6.23
Budhni,A130C742MDKW,67.34
Budhni,A130C743MDCW,8.21
Budhni,A130C775BDMCDW4,13784.04
Budhni,A130C791BDDKDWL4,1737.09
Budhni,A130C791MDKW,56.08
Budhni,A130C813BDDKD,8494.21
Budhni,A130C832MDK,23
Budhni,A130C912MMO,54.52
Budhni,A130C945BDDKD,0
Budhni,A130D007BDMK,12122.25
Budhni,A130D007BDMKD,16408.02
Budhni,A130D011MDK,61
Budhni,A130D023BDMKD,3614.97
Budhni,A130D031BDDKDW4,13473.95
Budhni,A130D045BDMCD,1634.69
Budhni,A130D058MDKW,12.28
Budhni,A130D064BDMKDW4,1986.99
Budhni,A130D148MDKS,173.29
Budhni,A130D159BDMKD,256.47
Budhni,A130D159MMK,30
Budhni,A130D172MCC,62
Budhni,A130D207BDDKD,2043.86
Budhni,A130D221BDDC,1800.62
Budhni,A130D221BDDCD,2040.66
Budhni,A130D240BDMCDW4,23.59
Budhni,A130D265BDDKD,1821.59
Budhni,A130D287BDMKW4,34706.29
Budhni,A130D345BAMM,15053.49
Budhni,A130D448BDDKDW4,1608.09
Budhni,A130D489BDMF,5791.92
Budhni,A130D489MMF,15.74
Budhni,A130D496MCC,81.6
Budhni,A130D599BDMKDW4,1501.92
Budhni,A130D600BDMKD,1422.6
Budhni,A130D602BDCCDW4,2133.87
Budhni,A130D700BDDCW4,49060.1
Budhni,A130D700MDCWT,288.2
Budhni,A130D707BDMKDW4,647.2
Budhni,A130D709BDMK,120615.83
Budhni,A130D709MKK,49.38
Budhni,A130D888MKK,99.98
Budhni,A1320030BDDKDW4,5192.04
Budhni,A1320032BDDOD,2700.27
Budhni,A132A153BDDKDWVA4J,89451.57
Budhni,A132A202BDMKD,1279.12
Budhni,A132A217MMK,107.65
Budhni,A132A282BDDKD,8428.72
Budhni,A132A282BDDKDL,549.63
Budhni,A132A317BDDMDW4,753.9
Budhni,A132A317BDDMW4,416.7
Budhni,A132A350BADO,5099.31
Budhni,A132A376BDMKD,1479.65
Budhni,A132A385BDMKDW4,1520.26
Budhni,A132A385MMKS,114.8
Budhni,A132A406BDDKD,14933.15
Budhni,A132A415BDMCD,57314.13
Budhni,A132A428BDMKD,1673.69
Budhni,A132A430BDMKD,1264.37
Budhni,A132A431BDMKD,1755.82
Budhni,A132A444BDMO,4739.1
Budhni,A132A680BDDKD,12130.57
Budhni,A132A683BDDD,17324.11
Budhni,A132A775MMK,26.99
Budhni,A132A798MDKW,100
Budhni,A132A836MDD,80
Budhni,A132A853MMKW,6
Budhni,A132A867BDDKD,8048.59
Budhni,A132A878MMCW,107.81
Budhni,A132A883BADD,2127.22
Budhni,A132A885MDK,64
Budhni,A132A891MMC,50
Budhni,A132A902BDDKDWV4J,2582.39
Budhni,A132A905BDDKDW4,1118.24
Budhni,A132A916MDCW,85.46
Budhni,A132B012MDK,932.09
Budhni,A132B014MDK,890.49
Budhni,A132B078MDK,51.22
Budhni,A132B089MDC,41.38
Budhni,A132B116BDDKD,1413.94
Budhni,A132B136BDDKD,4933.03
Budhni,A132B147BDDK,2062
Budhni,A132B147BDDKW,57720.86
Budhni,A132B148BDDKW,362.01
Budhni,A132B164MMK,23.31
Budhni,A132B179BADK,196
Budhni,A132B179HDK,241
Budhni,A132B210MDCW,55
Budhni,A132B233MKK,99.27
Budhni,A1400500MMK,50
Budhni,A140A720BDCC,7329.07
Budhni,A140A818MMC,7
Budhni,A140B051BDMKDWA4,112
Budhni,A140B051MMK,10.07
Budhni,A140B417BDMKD,2992.07
Budhni,A140B738BDMMD,10960.32
Budhni,A140C168HMMS,123
Budhni,A140C458BDMCDW4,14634.24
Budhni,A140C479BAMCBW,2761.62
Budhni,A140C504MMC,125.23
Budhni,A140C534BDMM,3552.03
Budhni,A140C537BDMM,3012.56
Budhni,A140C538BDMM,3633.87
Budhni,A140C562MMMW,110.43
Budhni,A140C585MMMS,11
Budhni,A140C659MMMS,34.27
Budhni,A140C742MMMSB,46
Budhni,A140C895BDMD,68521.8
Budhni,A140C939BDMD,69488.77
Budhni,A140C959MMK,289.5
Budhni,A140C960MMM,45
Budhni,A140D041BDMCDW4,6834.49
Budhni,A140D060MMM,268.44
Budhni,A140D160MCCS,15.46
Budhni,A140D163BDMKDO,10657.7
Budhni,A140D243MMKW,53.6
Budhni,A140D255BDMM,448.34
Budhni,A140D311MMC,118
Budhni,A140D325BDMD,3305.64
Budhni,A140D372MMM,23.1
Budhni,A140D373MMCW,58.65
Budhni,A140D378BDCOB,5464.06
Budhni,A140D394BDCKDW4,30
Budhni,A140D394MCKW,20.4
Budhni,A140D427MMMT,54.34
Budhni,A140D458MMCW,31
Budhni,A140D568MMM,110.08
Budhni,A140D612BDMM,9782.75
Budhni,A140D624BDMM,432
Budhni,A140D826MMMO,3.3
Budhni,A140E143BDMMB,264.24
Budhni,A140E292MMM,40
Budhni,A140E393MMKW,70.57
Budhni,A140E495MMCOW,111.35
Budhni,A140E554MCC,51.28
Budhni,A145A234MCCW,127
Budhni,A145A272MCC,10.04
Budhni,A145A355MMC,715.2
Budhni,A145A426MMM,47.61
Budhni,A1500153MMO,210.5
Budhni,A150C044BDMM,851.69
Budhni,A150C328MMCW,273.22
Budhni,A150C333MMC,32
Budhni,A150C831MMC,17.34
Budhni,A150C832MMC,77.17
Budhni,A1600187BAMMJ,255.99
Budhni,A1600187BDMM,67030.36
Budhni,A160B144BAMK,137
Budhni,A160B290BDMK,2650.04
Budhni,A210A001MOO,153.29
Budhni,A220A047BDKC,1727.22
Budhni,A220A052BDKO,6243.1
Budhni,A220A073MCO,48
Budhni,A230A194BDRR,4180.33
Budhni,A230A220MCCW,85.82
Budhni,A230A225MCC,43
Budhni,A230A232BDMMO,9361.68
Budhni,A230A232MCC,70.08
Budhni,A232A016BDMC,6402.84
Budhni,A240A325BDEKDW4,22108.89
Budhni,A240A325BDRKDW4,241
Budhni,A240A390BDMKD,8743.89
Budhni,A240A429BDCK,4912.14
Budhni,A240A436BAMKW4,0
Budhni,A240A613MCKS,205.73
Budhni,A240A711BDMM,4147.61
Budhni,A240A720MCC,100.06
Budhni,A240A737BDCC,7346.8
Budhni,A240A748BDMKD,590.13
Budhni,A240A748MMK,260
Budhni,A240A755BDMKDW4,874.49
Budhni,A240A765MMK,23
Budhni,A240A802BDCC,2468.78
Budhni,A240A807BDMKD,2598.12
Budhni,A240A821MEKW,56.5
Budhni,A250A114BDMM,618
Budhni,A250A124BDMKD,2690.9
Budhni,A250A163BDMKD,2147.48
Budhni,A250A163MMK,34
Budhni,A250A164BDMKD,1927.89
Budhni,A250A165BDMKD,3718.6
Budhni,A250A166MMK,47
Budhni,A250A168BDMKD,0.01
Budhni,A250A170BDMKD,1704.27
Budhni,A260A170BDMKD,12700.4
Budhni,A260A356MDK,872.9
Budhni,A280A851BAEFW,266
Budhni,A340A013MMKW,56.26
Budhni,C1100025BDOO,3022.85
Budhni,C120M240BDOKD,1831.83
Budhni,C130M452BDMCD,1788.98
Budhni,C132M056BDDKD,6995.62
Budhni,C1400124BDMOA,23651.55
Budhni,C1400277BDMKD,10614.69
Budhni,C140M356BDMC,9943.71
Budhni,U1300061MMC,0
